TNS_ID,RA,DEC,DiscoveryDate,ReportDate,Mag,MagUnit,Filter,Sep_arcsec,Gal_1_type,Gal_1_name,Gal_1_info,Gal_2_type,Gal_2_name,Gal_2_info,Reporter
2023ubt,21:26:39.180,+04:15:09.25,2023-10-03 00:40:19.200,06-Oct-2023,19.01,ABMag,G - Gaia,0.01,QSO,SDSS J212639.18+041509.2,['SDSS J212639.18+041509.2' '321.663' '4.253' '0.01' 'inf' 'QSO' 'QSO'],,,,S.T. Hodgkin
2023two,09:41:40.000,+18:22:03.90,2023-09-30 03:02:52.800,03-Oct-2023,18.22,ABMag,G - Gaia,0.019,QSO,SDSS J094139.99+182203.9,['SDSS J094139.99+182203.9' '145.417' '18.368' '0.019' 'inf' 'QSO' 'QSO'],,,,S.T. Hodgkin
2023vcp*,16:04:47.895,+07:06:51.29,2023-09-04 07:45:27.072,17-Oct-2023,19.74,ABMag,r - P1,0.03,Galaxy,SDSS J160447.89+070651.2,['SDSS J160447.89+070651.2' '241.2' '7.114' '0.03' 'inf' 'Galaxy' 'G'],,,,D. O. Jones (UC Santa Cruz)
2023twp*,09:20:02.240,+06:18:03.28,2023-09-30 11:03:50.400,03-Oct-2023,18.67,ABMag,G - Gaia,0.034,QSO,[VV2006] J092002.2+061803,['[VV2006] J092002.2+061803' '140.009' '6.301' '0.034' 'inf' 'QSO' 'QSO'],,,,S.T. Hodgkin
2023uqa*,08:54:50.580,+62:18:50.22,2023-10-08 14:29:45.600,11-Oct-2023,18.35,ABMag,G - Gaia,0.039,BLLac,7C 085042.79+623017.00,['7C 085042.79+623017.00' '133.711' '62.314' '0.039' 'inf' 'BLLac' 'BLL'],ClG,GMBCG 133.71068+62.31389,['GMBCG 133.71068+62.31389' '133.711' '62.314' '0.26' 'inf' 'ClG' 'ClG'],S.T. Hodgkin
2023tpb,15:11:34.020,+40:51:35.03,2023-09-22 01:42:14.400,26-Sep-2023,18.7,ABMag,G - Gaia,0.045,QSO,SDSS J151134.01+405135.0,['SDSS J151134.01+405135.0' '227.892' '40.86' '0.045' 'inf' 'QSO' 'QSO'],,,,S.T. Hodgkin
2023tzj,21:19:05.430,+03:26:06.18,2023-10-02 02:25:26.400,05-Oct-2023,18.69,ABMag,G - Gaia,0.046,QSO,SDSS J211905.42+032606.1,['SDSS J211905.42+032606.1' '319.773' '3.435' '0.046' 'inf' 'QSO' 'QSO'],,,,S.T. Hodgkin
2023tud,20:25:09.630,+03:16:44.54,2023-09-27 18:38:52.800,30-Sep-2023,17.13,ABMag,G - Gaia,0.048,QSO,[VV96] J202510.8+031645,['[VV96] J202510.8+031645' '306.29' '3.279' '0.048' 'inf' 'QSO' 'QSO'],,,,S.T. Hodgkin
2023tpq*,11:21:10.410,+45:07:55.02,2023-09-21 04:07:40.800,26-Sep-2023,18.48,ABMag,G - Gaia,0.05,QSO,[VV2006] J112110.4+450755,['[VV2006] J112110.4+450755' '170.293' '45.132' '0.05' 'inf' 'QSO' 'QSO'],,,,S.T. Hodgkin
2023tsk*,14:54:27.120,+51:24:33.70,2023-09-25 19:52:19.200,28-Sep-2023,14.76,ABMag,G - Gaia,0.052,BLLac,ATO J223.6130+51.4093,['ATO J223.6130+51.4093' '223.613' '51.409' '0.052' 'inf' 'BLLac' 'BLL'],,,,S.T. Hodgkin
2023tpe,09:11:41.050,+33:03:54.00,2023-09-21 22:36:28.800,26-Sep-2023,17.96,ABMag,G - Gaia,0.06,QSO,SDSS J091141.05+330353.9,['SDSS J091141.05+330353.9' '137.921' '33.065' '0.06' 'inf' 'QSO' 'QSO'],,,,S.T. Hodgkin
2023tpa,11:00:06.060,+44:21:44.35,2023-09-21 04:10:33.600,26-Sep-2023,19.0,ABMag,G - Gaia,0.063,Seyfert1,7C 105714.80+443757.00,"['7C 105714.80+443757.00' '165.025' '44.362' '0.063' 'inf' 'Seyfert1'
 'Sy1']",,,,S.T. Hodgkin
2023uzk*,07:42:27.080,+46:56:42.94,2023-10-12 14:44:09.600,16-Oct-2023,17.96,ABMag,G - Gaia,0.074,Seyfert1,LEDA 3095768,['LEDA 3095768' '115.613' '46.945' '0.074' 'inf' 'Seyfert1' 'Sy1'],,,,S.T. Hodgkin
2023tov*,15:27:12.720,+34:21:46.40,2023-09-20 13:35:02.400,26-Sep-2023,18.16,ABMag,G - Gaia,0.078,QSO,[VV2006] J152712.7+342146,['[VV2006] J152712.7+342146' '231.803' '34.363' '0.078' 'inf' 'QSO' 'QSO'],,,,S.T. Hodgkin
2023tkl*,07:39:40.210,+27:32:53.92,2023-09-19 09:08:38.400,23-Sep-2023,17.92,ABMag,G - Gaia,0.079,QSO,[VV2006] J073940.2+273253,['[VV2006] J073940.2+273253' '114.918' '27.548' '0.079' 'inf' 'QSO' 'QSO'],,,,S.T. Hodgkin
2023vep,19:56:59.460,-32:25:45.95,2023-09-18 19:55:12.000,18-Oct-2023,17.2,ABMag,G - Gaia,0.083,QSO,QSO B1953-325,['QSO B1953-325' '299.248' '-32.429' '0.083' 'inf' 'QSO' 'QSO'],,,,S.T. Hodgkin
2018mhb*,12:34:29.095,+43:35:08.68,2018-12-12 12:10:45.408,14-Oct-2023,20.9214,ABMag,g - ZTF,0.085,Galaxy,2MASX J12342901+4335082,['2MASX J12342901+4335082' '188.621' '43.586' '0.085' 'inf' 'Galaxy' 'G'],,,,Patrick Aleo (UIUC)
2021ahvo*,10:03:13.798,+28:39:44.53,2021-01-04 10:38:24.576,14-Oct-2023,19.5035,ABMag,r - ZTF,0.086,Galaxy,SDSS J100313.78+283944.6,['SDSS J100313.78+283944.6' '150.807' '28.662' '0.086' 'inf' 'Galaxy' 'G'],,,,Patrick Aleo (UIUC)
2023vrh,14:00:41.780,-56:04:55.49,2023-10-16 16:53:45.600,24-Oct-2023,18.71,ABMag,G - Gaia,0.087,Blazar,2FGL J1400.6-5601,['2FGL J1400.6-5601' '210.174' '-56.082' '0.087' 'inf' 'Blazar' 'Bla'],,,,S.T. Hodgkin
2023vgk,08:14:34.760,+20:19:34.82,2023-09-22 15:08:38.400,19-Oct-2023,18.61,ABMag,G - Gaia,0.092,QSO,SDSS J081434.75+201934.7,['SDSS J081434.75+201934.7' '123.645' '20.326' '0.092' 'inf' 'QSO' 'QSO'],,,,S.T. Hodgkin
2021ahwt,12:40:53.371,-06:14:52.88,2021-01-01 13:00:47.808,14-Oct-2023,19.374,ABMag,r - ZTF,0.097,Galaxy,LCRS B123818.4-055826,['LCRS B123818.4-055826' '190.222' '-6.248' '0.097' 'inf' 'Galaxy' 'G'],,,,Patrick Aleo (UIUC)
2023usn*,09:16:47.020,+20:22:13.98,2023-09-26 16:47:59.000,13-Oct-2023,18.93,ABMag,G - Gaia,0.1,QSO,SDSS J091647.02+202213.9,['SDSS J091647.02+202213.9' '139.196' '20.371' '0.1' 'inf' 'QSO' 'QSO'],,,,S.T. Hodgkin
2023urc,20:08:46.900,-61:05:59.82,2023-10-09 23:32:38.400,12-Oct-2023,16.27,ABMag,G - Gaia,0.105,Seyfert1,NGC  6860,['NGC  6860' '302.195' '-61.1' '0.105' 'inf' 'Seyfert1' 'Sy1'],,,,S.T. Hodgkin
2023vqz,06:44:10.870,+35:46:44.54,2023-10-16 08:51:21.600,24-Oct-2023,15.39,ABMag,G - Gaia,0.111,QSO,2MASS J06441086+3546446,['2MASS J06441086+3546446' '101.045' '35.779' '0.111' 'inf' 'QSO' 'QSO'],,,,S.T. Hodgkin
2023uum,20:31:08.790,-41:54:52.27,2023-10-11 05:52:48.000,14-Oct-2023,18.46,ABMag,G - Gaia,0.119,Galaxy,Gaia DR3 6679727550435552640,"['Gaia DR3 6679727550435552640' '307.787' '-41.915' '0.119' 'inf' 'Galaxy'
 'G']",,,,S.T. Hodgkin
2023vof,01:39:36.375,+29:36:09.63,2023-10-20 10:46:24.960,22-Oct-2023,18.842,ABMag,cyan - ATLAS,0.121,Galaxy,LAMOST J013936.37+293609.5,['LAMOST J013936.37+293609.5' '24.902' '29.603' '0.121' 'inf' 'Galaxy' 'G'],,,,J. Tonry
2023twd,17:16:15.281,+37:06:40.98,2023-09-27 03:27:37.152,03-Oct-2023,19.1925,ABMag,g - ZTF,0.157,Galaxy,2MASX J17161527+3706410,['2MASX J17161527+3706410' '259.064' '37.111' '0.157' 'inf' 'Galaxy' 'G'],,,,K. De (Caltech) on behalf of ZTF
2018mgt*,10:06:32.651,+14:24:50.61,2018-12-05 13:07:27.840,14-Oct-2023,19.9617,ABMag,g - ZTF,0.178,Galaxy,SDSS J100632.66+142450.5,['SDSS J100632.66+142450.5' '151.636' '14.414' '0.178' 'inf' 'Galaxy' 'G'],,,,Patrick Aleo (UIUC)
2021ahxx,12:29:53.831,-15:29:27.81,2021-03-21 06:49:00.192,14-Oct-2023,19.6514,ABMag,g - ZTF,0.179,Galaxy,Gaia DR3 3526701108213757952,"['Gaia DR3 3526701108213757952' '187.474' '-15.491' '0.179' 'inf' 'Galaxy'
 'G']",,,,Patrick Aleo (UIUC)
2023vej*,07:39:16.430,+27:37:53.62,2023-10-12 14:04:09.408,17-Oct-2023,19.41,ABMag,w - P1,0.207,Galaxy,2MASX J07391648+2737528,['2MASX J07391648+2737528' '114.818' '27.632' '0.207' 'inf' 'Galaxy' 'G'],,,,K. C. Chambers
2023tsq,23:12:24.189,+17:42:41.52,2023-09-22 06:46:15.004,28-Sep-2023,19.8423,ABMag,r - ZTF,0.223,Galaxy,LAMOST J231224.20+174241.3,"['LAMOST J231224.20+174241.3' '348.101' '17.711' '0.223' 'inf' 'Galaxy'
 'G']",,,,A. Munoz-Arancibia
2018mkz*,08:43:51.301,+51:59:28.31,2018-11-09 12:18:31.968,02-Nov-2023,18.4159,ABMag,r - ZTF,0.226,GtowardsGroup,UGC  4546,['UGC  4546' '130.964' '51.991' '0.226' '0.084' 'GtowardsGroup' 'GiG'],,,,K. De (Caltech) on behalf of ZTF
2020afex*,14:09:19.014,+13:52:40.26,2020-12-15 13:04:31.584,14-Oct-2023,20.1687,ABMag,g - ZTF,0.254,BLLac,2WHSP J140919.0+135240,['2WHSP J140919.0+135240' '212.329' '13.878' '0.254' 'inf' 'BLLac' 'BLL'],,,,Patrick Aleo (UIUC)
2021ahwv*,11:51:01.930,+15:21:11.63,2021-01-09 09:36:12.960,14-Oct-2023,20.1769,ABMag,g - ZTF,0.257,Seyfert1,SDSS J115101.90+152111.5,"['SDSS J115101.90+152111.5' '177.758' '15.353' '0.257' 'inf' 'Seyfert1'
 'Sy1']",,,,Patrick Aleo (UIUC)
2023ttq,17:30:50.660,+54:43:35.11,2023-09-24 03:57:49.003,29-Sep-2023,20.3113,ABMag,r - ZTF,0.303,Galaxy,Gaia DR3 1420906886691099648,"['Gaia DR3 1420906886691099648' '262.711' '54.727' '0.303' 'inf' 'Galaxy'
 'G']",,,,A. Munoz-Arancibia
2023vtj*,10:14:45.859,+36:41:11.44,2023-09-24 12:28:48.000,25-Oct-2023,19.2,ABMag,r - ZTF,0.303,Galaxy,LEDA 2085127,['LEDA 2085127' '153.691' '36.686' '0.303' 'inf' 'Galaxy' 'G'],,,,C. Fremling (Caltech) on behalf of the Zwicky Transient Facility (ZTF) collaboration
2023vuk*,07:36:10.460,+45:47:02.81,2023-10-24 12:55:53.184,26-Oct-2023,20.08,ABMag,w - P1,0.308,Galaxy,SDSS J073610.47+454703.2,['SDSS J073610.47+454703.2' '114.044' '45.784' '0.308' 'inf' 'Galaxy' 'G'],,,,K. C. Chambers
2023uvf*,09:34:24.751,+32:58:34.18,2023-10-13 11:06:23.000,14-Oct-2023,19.4841,ABMag,g - ZTF,0.312,Galaxy,Gaia DR3 797140058919691136,"['Gaia DR3 797140058919691136' '143.603' '32.976' '0.312' 'inf' 'Galaxy'
 'G']",,,,F. Forster
2023udc,02:48:29.080,+47:59:35.17,2023-09-28 11:18:59.328,06-Oct-2023,20.0183,ABMag,g - ZTF,0.321,Galaxy,UGC  2273,['UGC  2273' '42.121' '47.993' '0.321' 'inf' 'Galaxy' 'G'],,,,K. De (Caltech) on behalf of ZTF
2019aati,02:10:46.438,-05:57:59.17,2019-08-04 11:27:54.144,14-Oct-2023,20.4941,ABMag,g - ZTF,0.336,Galaxy,GAMA 1304163,['GAMA 1304163' '32.694' '-5.966' '0.336' 'inf' 'Galaxy' 'G'],,,,Patrick Aleo (UIUC)
2018mft*,12:27:54.402,+68:26:16.90,2018-11-04 11:09:34.272,14-Oct-2023,19.3186,ABMag,g - ZTF,0.345,Galaxy,Gaia DR3 1682498810519996160,"['Gaia DR3 1682498810519996160' '186.976' '68.438' '0.345' 'inf' 'Galaxy'
 'G']",,,,Patrick Aleo (UIUC)
2023vjx,22:13:26.244,-22:05:47.96,2023-08-09 08:43:01.344,20-Oct-2023,18.065,ABMag,g - ZTF,0.382,EmissionG,IC 1435,['IC 1435' '333.359' '-22.097' '0.382' '0.161' 'EmissionG' 'EmG'],,,,K. De (Caltech) on behalf of ZTF
2023vtm,09:59:07.521,-06:48:38.23,2023-10-13 12:20:09.600,25-Oct-2023,18.69,ABMag,r - ZTF,0.388,Galaxy,LEDA 1028394,['LEDA 1028394' '149.781' '-6.811' '0.388' 'inf' 'Galaxy' 'G'],,,,C. Fremling (Caltech) on behalf of the Zwicky Transient Facility (ZTF) collaboration
2019aatg*,12:31:28.326,+36:52:33.93,2019-01-03 11:40:26.688,14-Oct-2023,20.0089,ABMag,r - ZTF,0.413,Galaxy,NGP9 F268-0414467,['NGP9 F268-0414467' '187.868' '36.876' '0.413' 'inf' 'Galaxy' 'G'],,,,Patrick Aleo (UIUC)
2023txp,09:16:53.090,-01:37:27.19,2023-10-01 15:25:55.200,04-Oct-2023,18.87,ABMag,G - Gaia,0.417,Galaxy,GAMA J091653.07-013726.9,['GAMA J091653.07-013726.9' '139.221' '-1.624' '0.417' 'inf' 'Galaxy' 'G'],,,,S.T. Hodgkin
2023tol,22:13:30.135,-22:53:46.63,2023-09-24 04:01:37.056,26-Sep-2023,19.3834,ABMag,g - Sloan,0.418,Galaxy,6dFGS gJ221330.2-225347,['6dFGS gJ221330.2-225347' '333.376' '-22.896' '0.418' 'inf' 'Galaxy' 'G'],,,,Tomás Cabrera (CMU)
2019aasz*,15:17:49.199,+04:09:44.82,2019-03-01 10:36:12.384,05-Oct-2023,16.5739,ABMag,r - ZTF,0.424,LINER,UGC  9804,['UGC  9804' '229.455' '4.163' '0.424' 'inf' 'LINER' 'LIN'],,,,K. De (Caltech) on behalf of ZTF
2019aasz*,15:17:49.199,+04:09:44.82,2019-03-01 10:36:12.384,04-Oct-2023,16.5739,ABMag,r - ZTF,0.424,LINER,UGC  9804,['UGC  9804' '229.455' '4.163' '0.424' 'inf' 'LINER' 'LIN'],,,,K. De (Caltech) on behalf of ZTF
2023ukq,07:13:18.350,+67:13:54.62,2023-10-03 09:40:21.999,09-Oct-2023,19.6159,ABMag,g - ZTF,0.425,Galaxy,Gaia DR3 1102200625198989696,"['Gaia DR3 1102200625198989696' '108.327' '67.232' '0.425' 'inf' 'Galaxy'
 'G']",,,,A. Munoz-Arancibia
2023vcv,23:34:39.617,+46:39:27.20,2023-10-06 06:53:03.002,17-Oct-2023,20.2199,ABMag,g - ZTF,0.428,Galaxy,Gaia DR3 1938428524349467776,"['Gaia DR3 1938428524349467776' '353.665' '46.658' '0.428' 'inf' 'Galaxy'
 'G']",,,,Julien Peloton
2023tpy,08:02:52.606,+75:07:54.65,2023-09-25 10:16:08.003,26-Sep-2023,19.0252,ABMag,g - ZTF,0.436,Galaxy,Gaia DR3 1135790018232209920,"['Gaia DR3 1135790018232209920' '120.719' '75.132' '0.436' 'inf' 'Galaxy'
 'G']",,,,A. Munoz-Arancibia
2023tpl,07:08:41.680,+54:46:35.09,2023-09-25 12:55:18.624,26-Sep-2023,17.692,ABMag,cyan - ATLAS,0.442,GtowardsCl,MCG+09-12-038,['MCG+09-12-038' '107.174' '54.777' '0.442' '0.163' 'GtowardsCl' 'GiC'],,,,J. Tonry
2023vsw,01:12:53.851,-42:02:16.61,2023-10-10 05:05:10.752,25-Oct-2023,18.871,ABMag,orange - ATLAS,0.485,Galaxy,2MASX J01125388-4202165,['2MASX J01125388-4202165' '18.225' '-42.038' '0.485' 'inf' 'Galaxy' 'G'],,,,J. Tonry
2023uah,01:50:15.468,-11:58:02.81,2023-10-03 11:00:02.304,05-Oct-2023,19.75,ABMag,i - P1,0.507,Galaxy,LEDA  959464,['LEDA  959464' '27.565' '-11.968' '0.507' 'inf' 'Galaxy' 'G'],,,,K. C. Chambers
2020affm*,09:01:00.427,+07:14:50.00,2020-10-23 11:28:29.568,14-Oct-2023,20.317,ABMag,g - ZTF,0.53,Galaxy,Gaia DR3 584155860525077376,['Gaia DR3 584155860525077376' '135.252' '7.247' '0.53' 'inf' 'Galaxy' 'G'],,,,Patrick Aleo (UIUC)
2023vct,23:14:54.726,-38:03:23.07,2023-10-15 03:30:53.280,17-Oct-2023,18.312,ABMag,orange - ATLAS,0.545,GtowardsCl,2MASX J23145473-3803236,"['2MASX J23145473-3803236' '348.728' '-38.057' '0.545' 'inf' 'GtowardsCl'
 'GiC']",,,,J. Tonry
2023twb,03:43:20.290,-17:42:09.43,2023-09-24 10:33:00.576,03-Oct-2023,19.3952,ABMag,r - ZTF,0.588,Galaxy,LEDA  878901,['LEDA  878901' '55.835' '-17.703' '0.588' 'inf' 'Galaxy' 'G'],,,,K. De (Caltech) on behalf of ZTF
2023vli,00:50:49.972,-23:25:09.40,2023-10-15 04:08:07.584,21-Oct-2023,18.318,ABMag,orange - ATLAS,0.603,Galaxy,6dFGS gJ005050.0-232510,['6dFGS gJ005050.0-232510' '12.708' '-23.419' '0.603' 'inf' 'Galaxy' 'G'],,,,J. Tonry
2021ahxg*,11:01:01.313,+08:05:13.98,2021-02-06 09:35:41.856,14-Oct-2023,20.274,ABMag,g - ZTF,0.641,Galaxy,SDSS J110101.27+080514.2,['SDSS J110101.27+080514.2' '165.255' '8.087' '0.641' 'inf' 'Galaxy' 'G'],,,,Patrick Aleo (UIUC)
2023umc,10:04:24.343,-02:25:28.38,2023-10-06 12:33:27.936,10-Oct-2023,18.7959,ABMag,r - ZTF,0.642,EmissionG,MCG+00-26-014,['MCG+00-26-014' '151.101' '-2.425' '0.642' '0.251' 'EmissionG' 'EmG'],,,,K. De (Caltech) on behalf of ZTF
2023tsy,00:31:52.500,-03:37:42.57,2023-09-26 03:52:57.792,29-Sep-2023,18.5,ABMag,orange - ATLAS,0.649,Galaxy,2MASX J00315248-0337425,['2MASX J00315248-0337425' '7.969' '-3.629' '0.649' 'inf' 'Galaxy' 'G'],,,,J. Tonry
2020afgf*,12:53:09.511,+55:40:32.25,2020-12-11 12:07:18.048,14-Oct-2023,19.8012,ABMag,r - ZTF,0.653,Galaxy,LEDA 2510523,['LEDA 2510523' '193.29' '55.676' '0.653' 'inf' 'Galaxy' 'G'],,,,Patrick Aleo (UIUC)
2018mfz*,21:33:41.551,+00:26:09.16,2018-09-08 06:38:15.648,14-Oct-2023,19.1512,ABMag,g - ZTF,0.685,Galaxy,SDSS J213341.51+002608.7,['SDSS J213341.51+002608.7' '323.423' '0.436' '0.685' 'inf' 'Galaxy' 'G'],,,,Patrick Aleo (UIUC)
2023udb,04:25:05.794,-10:18:51.83,2023-10-04 10:10:16.320,06-Oct-2023,19.2678,ABMag,g - ZTF,0.7,Galaxy,2MASX J04250577-1018521,['2MASX J04250577-1018521' '66.274' '-10.314' '0.7' 'inf' 'Galaxy' 'G'],,,,K. De (Caltech) on behalf of ZTF
2023uys,00:01:39.325,-02:58:51.37,2023-10-14 04:14:02.688,16-Oct-2023,18.218,ABMag,orange - ATLAS,0.724,Galaxy,6dFGS gJ000139.4-025852,['6dFGS gJ000139.4-025852' '0.414' '-2.981' '0.724' 'inf' 'Galaxy' 'G'],,,,J. Tonry
2023tsh,22:17:19.110,-35:49:52.21,2023-09-25 17:51:21.600,28-Sep-2023,18.32,ABMag,G - Gaia,0.732,Galaxy,2dFGRS TGS588Z262,['2dFGRS TGS588Z262' '334.33' '-35.831' '0.732' 'inf' 'Galaxy' 'G'],,,,S.T. Hodgkin
2021aiao,22:42:54.849,-05:22:34.00,2021-08-14 09:08:38.400,25-Oct-2023,18.24,ABMag,r - ZTF,0.732,Galaxy,LEDA 1045523,['LEDA 1045523' '340.728' '-5.376' '0.732' 'inf' 'Galaxy' 'G'],,,,C. Fremling (Caltech) on behalf of the Zwicky Transient Facility (ZTF) collaboration
2023vsv,06:02:05.923,-76:23:45.84,2023-10-10 08:36:36.000,25-Oct-2023,18.401,ABMag,orange - ATLAS,0.736,Galaxy,2MASX J06020615-7623463,['2MASX J06020615-7623463' '90.525' '-76.396' '0.736' 'inf' 'Galaxy' 'G'],,,,J. Tonry
2018mkx*,12:16:29.958,+08:42:53.20,2018-06-08 05:11:02.400,30-Oct-2023,19.72,ABMag,g - ZTF,0.74,Seyfert1,LEDA 1352332,['LEDA 1352332' '184.125' '8.715' '0.74' 'inf' 'Seyfert1' 'Sy1'],,,,C. Fremling (Caltech) on behalf of the Zwicky Transient Facility (ZTF) collaboration
2023uxm,03:41:20.848,-14:35:23.72,2023-10-13 11:37:08.832,15-Oct-2023,19.77,ABMag,g - P1,0.744,Galaxy,6dFGS gJ034120.9-143524,['6dFGS gJ034120.9-143524' '55.337' '-14.59' '0.744' 'inf' 'Galaxy' 'G'],,,,D. O. Jones (UC Santa Cruz)
2023vta,09:47:23.502,-23:43:58.12,2023-10-24 08:01:46.848,25-Oct-2023,18.238,ABMag,orange - ATLAS,0.749,Seyfert2,LEDA  797668,['LEDA  797668' '146.848' '-23.733' '0.749' 'inf' 'Seyfert2' 'Sy2'],,,,J. Tonry
2023umr,22:59:43.310,-25:56:02.97,2023-10-09 07:18:47.808,10-Oct-2023,19.02,ABMag,w - P1,0.763,Galaxy,2dFGRS TGS124Z297,['2dFGRS TGS124Z297' '344.931' '-25.934' '0.763' 'inf' 'Galaxy' 'G'],,,,K. C. Chambers
2023vcs,03:25:27.759,-27:41:42.46,2023-10-15 04:50:14.784,17-Oct-2023,18.629,ABMag,orange - ATLAS,0.767,Galaxy,2dFGRS TGS242Z039,['2dFGRS TGS242Z039' '51.366' '-27.695' '0.767' 'inf' 'Galaxy' 'G'],,,,J. Tonry
2023tou,22:18:20.254,-17:46:08.13,2023-09-24 04:40:35.040,26-Sep-2023,21.6102,ABMag,g - Sloan,0.782,Galaxy,LEDA  877839,['LEDA  877839' '334.584' '-17.769' '0.782' 'inf' 'Galaxy' 'G'],,,,Tomás Cabrera (CMU)
2023uji,00:42:46.503,-09:59:18.49,2023-10-07 09:31:18.336,09-Oct-2023,21.11,ABMag,w - P1,0.819,GtowardsCl,[SDG98] 1-2732,['[SDG98] 1-2732' '10.694' '-9.989' '0.819' 'inf' 'GtowardsCl' 'GiC'],,,,K. C. Chambers
2021ahwg,13:01:56.798,+31:35:26.18,2021-02-05 09:39:35.136,14-Oct-2023,20.2865,ABMag,r - ZTF,0.829,Galaxy,NGP9 F323-0106890,['NGP9 F323-0106890' '195.487' '31.59' '0.829' 'inf' 'Galaxy' 'G'],,,,Patrick Aleo (UIUC)
2022aeql,02:15:22.230,-05:18:28.73,2022-10-02 08:06:33.696,05-Oct-2023,19.9012,ABMag,r - ZTF,0.859,Galaxy,LEDA  175003,['LEDA  175003' '33.843' '-5.308' '0.859' 'inf' 'Galaxy' 'G'],,,,K. De (Caltech) on behalf of ZTF
2022aeql,02:15:22.230,-05:18:28.73,2022-10-02 08:06:33.696,04-Oct-2023,19.9012,ABMag,r - ZTF,0.859,Galaxy,LEDA  175003,['LEDA  175003' '33.843' '-5.308' '0.859' 'inf' 'Galaxy' 'G'],,,,K. De (Caltech) on behalf of ZTF
2021ahyi,09:07:53.093,+01:37:44.62,2021-04-10 04:07:06.240,14-Oct-2023,20.6643,ABMag,r - ZTF,0.882,Galaxy,SDSS J090753.05+013745.3,['SDSS J090753.05+013745.3' '136.971' '1.629' '0.882' 'inf' 'Galaxy' 'G'],,,,Patrick Aleo (UIUC)
2023vwo,10:11:29.521,-21:17:52.01,2023-10-24 08:03:48.672,28-Oct-2023,17.68,ABMag,orange - ATLAS,0.912,EmissionG,LEDA 3094505,['LEDA 3094505' '152.873' '-21.298' '0.912' 'inf' 'EmissionG' 'EmG'],,,,J. Tonry
2023vvb,12:07:39.316,+20:45:56.58,2023-10-22 12:49:12.003,26-Oct-2023,18.6667,ABMag,r - ZTF,0.924,Galaxy,SDSSCGB 43686.3,['SDSSCGB 43686.3' '181.914' '20.766' '0.924' 'inf' 'Galaxy' 'G'],,,,A. Munoz-Arancibia
2023uem,20:08:24.466,-25:00:25.76,2023-10-06 01:11:53.952,07-Oct-2023,17.984,ABMag,cyan - ATLAS,0.929,Galaxy,2MASX J20082433-2500261,['2MASX J20082433-2500261' '302.102' '-25.007' '0.929' 'inf' 'Galaxy' 'G'],,,,J. Tonry
2023tql*,00:13:48.317,+22:32:31.08,2023-09-19 09:42:50.996,26-Sep-2023,19.926,ABMag,g - ZTF,0.95,Galaxy,LEDA 1671884,['LEDA 1671884' '3.451' '22.542' '0.95' 'inf' 'Galaxy' 'G'],,,,A. Munoz-Arancibia
2023vif,19:22:13.334,+44:19:50.65,2023-10-16 03:45:44.997,19-Oct-2023,19.8375,ABMag,r - ZTF,0.967,Galaxy,[YYZ2014] II 196,['[YYZ2014] II 196' '290.555' '44.331' '0.967' 'inf' 'Galaxy' 'G'],,,,A. Munoz-Arancibia
2023vws,10:53:08.083,-06:33:54.36,2023-10-25 12:31:40.800,28-Oct-2023,19.24,ABMag,r - ZTF,0.973,Galaxy,LCRS B105036.5-061756,['LCRS B105036.5-061756' '163.284' '-6.565' '0.973' 'inf' 'Galaxy' 'G'],,,,C. Fremling (Caltech) on behalf of the Zwicky Transient Facility (ZTF) collaboration
2023vcu,04:35:02.607,-28:19:48.35,2023-10-15 05:53:18.240,17-Oct-2023,18.738,ABMag,orange - ATLAS,1.016,Galaxy,2MASX J04350270-2819489,['2MASX J04350270-2819489' '68.761' '-28.33' '1.016' 'inf' 'Galaxy' 'G'],,,,J. Tonry
2021ahym,10:16:09.678,+38:50:04.01,2021-04-20 03:55:37.632,14-Oct-2023,20.4322,ABMag,g - ZTF,1.044,Galaxy,[JPV2013] IJ101609.59+385004.4,"['[JPV2013] IJ101609.59+385004.4' '154.04' '38.834' '1.044' 'inf' 'Galaxy'
 'G']",,,,Patrick Aleo (UIUC)
2021ahzj*,16:34:53.436,+28:30:36.47,2021-06-25 06:29:39.840,14-Oct-2023,19.8002,ABMag,g - ZTF,1.048,Galaxy,SDSS J163453.39+283035.6,['SDSS J163453.39+283035.6' '248.722' '28.51' '1.048' 'inf' 'Galaxy' 'G'],,,,Patrick Aleo (UIUC)
2023ukr,22:00:03.873,+44:09:46.16,2023-10-03 05:25:53.003,09-Oct-2023,20.126,ABMag,g - ZTF,1.066,Galaxy,2MASX J22000371+4409457,['2MASX J22000371+4409457' '330.016' '44.163' '1.066' 'inf' 'Galaxy' 'G'],,,,A. Munoz-Arancibia
2023uta,07:09:38.230,+54:57:00.07,2023-10-12 08:38:24.000,13-Oct-2023,16.8,ABMag,g - Sloan,1.067,GtowardsCl,2MASX J07093823+5457012,"['2MASX J07093823+5457012' '107.409' '54.95' '1.067' 'inf' 'GtowardsCl'
 'GiC']",,,,K. Z. Stanek
2023vwv,08:26:40.535,-20:00:19.96,2023-10-26 15:07:38.784,28-Oct-2023,19.87,ABMag,i - P1,1.079,Galaxy,LEDA  847505,['LEDA  847505' '126.669' '-20.005' '1.079' 'inf' 'Galaxy' 'G'],,,,D. O. Jones (UC Santa Cruz)
2023vnj,02:02:41.541,-13:44:42.07,2023-09-07 12:04:14.880,21-Oct-2023,20.24,ABMag,w - P1,1.105,Galaxy,LEDA  933856,['LEDA  933856' '30.673' '-13.745' '1.105' 'inf' 'Galaxy' 'G'],,,,K. C. Chambers
2023vgo*,10:12:19.765,+22:36:32.79,2023-10-16 14:40:38.784,19-Oct-2023,19.72,ABMag,w - P1,1.114,Galaxy,SDSS J101219.70+223633.5,['SDSS J101219.70+223633.5' '153.082' '22.609' '1.114' 'inf' 'Galaxy' 'G'],,,,K. C. Chambers
2023tll,22:43:40.823,-34:48:32.62,2023-09-21 03:53:30.624,24-Sep-2023,18.627,ABMag,orange - ATLAS,1.133,Galaxy,2dFGRS TGS533Z131,['2dFGRS TGS533Z131' '340.92' '-34.809' '1.133' 'inf' 'Galaxy' 'G'],,,,J. Tonry
2018mky*,01:56:12.031,+01:01:59.84,2018-09-19 10:06:14.400,02-Nov-2023,18.39,ABMag,r - ZTF,1.19,GtowardsCl,2MASX J01561200+0102016,['2MASX J01561200+0102016' '29.05' '1.034' '1.19' 'inf' 'GtowardsCl' 'GiC'],,,,C. Fremling (Caltech) on behalf of the Zwicky Transient Facility (ZTF) collaboration
2018mjo*,11:40:36.907,+42:36:21.58,2018-11-04 11:47:25.728,14-Oct-2023,20.2381,ABMag,g - ZTF,1.192,Galaxy,LEDA 2202318,['LEDA 2202318' '175.154' '42.606' '1.192' 'inf' 'Galaxy' 'G'],,,,Patrick Aleo (UIUC)
2023tjv,05:49:29.696,-25:00:54.20,2023-09-21 08:00:55.872,23-Sep-2023,18.921,ABMag,orange - ATLAS,1.201,Galaxy,LEDA  783584,['LEDA  783584' '87.374' '-25.015' '1.201' 'inf' 'Galaxy' 'G'],,,,J. Tonry
2023tmc,03:07:06.558,-42:45:00.98,2023-09-17 22:14:46.752,24-Sep-2023,19.481,ABMag,cyan - ATLAS,1.204,Galaxy,LEDA  558586,['LEDA  558586' '46.777' '-42.751' '1.204' 'inf' 'Galaxy' 'G'],,,,J. Tonry
2023vlu,23:54:27.703,-10:05:07.65,2023-10-18 04:36:35.997,21-Oct-2023,20.4842,ABMag,g - ZTF,1.21,GtowardsCl,LEDA  141325,['LEDA  141325' '358.615' '-10.085' '1.21' 'inf' 'GtowardsCl' 'GiC'],,,,A. Munoz-Arancibia
2021ahvu,11:25:14.683,+70:01:58.57,2021-02-10 08:46:45.984,14-Oct-2023,20.7581,ABMag,g - ZTF,1.221,Galaxy,Gaia DR3 1062179913774326144,"['Gaia DR3 1062179913774326144' '171.311' '70.033' '1.221' 'inf' 'Galaxy'
 'G']",,,,Patrick Aleo (UIUC)
2018mgf,00:54:45.264,-14:35:32.81,2018-09-05 10:26:04.128,14-Oct-2023,19.5128,ABMag,g - ZTF,1.233,Galaxy,LEDA  922639,['LEDA  922639' '13.688' '-14.592' '1.233' 'inf' 'Galaxy' 'G'],,,,Patrick Aleo (UIUC)
2018mkr,21:28:07.556,-01:35:42.10,2018-11-13 01:45:02.016,19-Oct-2023,18.2656,ABMag,r - ZTF,1.24,Galaxy,LEDA  188657,['LEDA  188657' '322.032' '-1.595' '1.24' 'inf' 'Galaxy' 'G'],,,,K. De (Caltech) on behalf of ZTF
2023uil,07:02:50.559,-37:47:33.67,2023-09-24 08:17:52.800,08-Oct-2023,18.573,ABMag,orange - ATLAS,1.242,EmissionG,6dFGS gJ070250.5-374734,"['6dFGS gJ070250.5-374734' '105.71' '-37.793' '1.242' 'inf' 'EmissionG'
 'EmG']",,,,J. Tonry
2023uyt*,16:17:17.417,+24:24:49.55,2023-10-14 04:56:40.128,16-Oct-2023,18.383,ABMag,cyan - ATLAS,1.258,Galaxy,SDSS J161717.43+242448.3,['SDSS J161717.43+242448.3' '244.323' '24.413' '1.258' 'inf' 'Galaxy' 'G'],,,,J. Tonry
2023utr,02:32:41.068,-13:24:51.83,2023-10-06 09:33:54.996,13-Oct-2023,19.806,ABMag,g - ZTF,1.26,Galaxy,LEDA  938284,['LEDA  938284' '38.171' '-13.415' '1.26' 'inf' 'Galaxy' 'G'],,,,F. Forster
2023tul,18:34:44.895,+30:35:29.35,2023-09-29 03:36:32.832,30-Sep-2023,19.5892,ABMag,r - ZTF,1.276,Galaxy,LEDA 1909873,['LEDA 1909873' '278.687' '30.591' '1.276' 'inf' 'Galaxy' 'G'],,,,Patrick Aleo (UIUC)
2023ugj,22:30:09.649,-24:50:56.48,2023-10-06 03:03:35.136,07-Oct-2023,19.006,ABMag,cyan - ATLAS,1.279,EmissionG,2MASX J22300969-2450572,"['2MASX J22300969-2450572' '337.541' '-24.849' '1.279' 'inf' 'EmissionG'
 'EmG']",,,,J. Tonry
2021ahvy*,16:18:13.565,+16:17:45.86,2021-04-06 10:13:03.072,14-Oct-2023,20.3932,ABMag,g - ZTF,1.295,Galaxy,SDSS J161813.65+161745.4,['SDSS J161813.65+161745.4' '244.557' '16.296' '1.295' 'inf' 'Galaxy' 'G'],,,,Patrick Aleo (UIUC)
2023vtb,23:09:02.066,-16:39:36.89,2023-10-11 05:32:38.400,25-Oct-2023,19.39,ABMag,g - ZTF,1.301,Galaxy,LEDA  895342,['LEDA  895342' '347.258' '-16.66' '1.301' 'inf' 'Galaxy' 'G'],,,,C. Fremling (Caltech) on behalf of the Zwicky Transient Facility (ZTF) collaboration
2023ubn,17:35:13.899,+27:31:01.89,2023-10-04 07:01:35.328,05-Oct-2023,18.699,ABMag,cyan - ATLAS,1.322,Galaxy,LEDA 1810467,['LEDA 1810467' '263.807' '27.517' '1.322' 'inf' 'Galaxy' 'G'],,,,J. Tonry
2023tml,23:45:16.226,-26:03:13.34,2023-09-24 02:26:13.056,25-Sep-2023,18.694,ABMag,orange - ATLAS,1.336,Galaxy,2MASX J23451629-2603129,['2MASX J23451629-2603129' '356.318' '-26.054' '1.336' 'inf' 'Galaxy' 'G'],,,,J. Tonry
2023uad,22:29:08.622,-11:49:14.30,2023-10-04 06:56:38.976,05-Oct-2023,18.8,ABMag,w - P1,1.34,Galaxy,LEDA  961324,['LEDA  961324' '337.286' '-11.82' '1.34' 'inf' 'Galaxy' 'G'],,,,K. C. Chambers
2023wbs,07:30:23.059,+61:49:07.24,2023-10-24 09:48:46.368,31-Oct-2023,19.8475,ABMag,r - ZTF,1.349,Galaxy,2MASX J07302323+6149077,['2MASX J07302323+6149077' '112.597' '61.819' '1.349' 'inf' 'Galaxy' 'G'],,,,K. De (Caltech) on behalf of ZTF
2023vqr*,20:43:46.600,-01:12:33.18,2023-10-19 06:30:16.128,23-Oct-2023,21.03,ABMag,g - P1,1.362,Galaxy,SDSS J204346.54-011232.1,['SDSS J204346.54-011232.1' '310.944' '-1.209' '1.362' 'inf' 'Galaxy' 'G'],,,,D. O. Jones (UC Santa Cruz)
2023vpo,00:28:48.991,+13:05:10.59,2023-10-21 07:03:36.288,23-Oct-2023,18.63,ABMag,w - P1,1.421,LowSurfBrghtG,2MASX J00284902+1305116,"['2MASX J00284902+1305116' '7.204' '13.087' '1.421' 'inf' 'LowSurfBrghtG'
 'LSB']",,,,K. C. Chambers
2018mgw*,11:02:11.960,+22:35:57.84,2018-12-30 12:06:20.160,14-Oct-2023,20.0434,ABMag,g - ZTF,1.427,Galaxy,LEDA 1672869,['LEDA 1672869' '165.55' '22.6' '1.427' 'inf' 'Galaxy' 'G'],,,,Patrick Aleo (UIUC)
2023vdu,03:07:12.103,-26:37:49.64,2023-10-14 10:56:05.568,17-Oct-2023,20.63,ABMag,w - P1,1.45,Galaxy,2dFGRS TGS164Z130,['2dFGRS TGS164Z130' '46.801' '-26.63' '1.45' 'inf' 'Galaxy' 'G'],,,,K. C. Chambers
2023uda,20:26:42.688,+10:41:41.88,2023-10-04 04:04:22.080,06-Oct-2023,17.7306,ABMag,g - ZTF,1.471,GtowardsGroup,MCG+02-52-007,['MCG+02-52-007' '306.678' '10.695' '1.471' '0.455' 'GtowardsGroup' 'GiG'],,,,K. De (Caltech) on behalf of ZTF
2023vim*,08:27:39.966,+19:21:13.32,2023-10-15 14:04:51.744,19-Oct-2023,20.22,ABMag,w - P1,1.562,Galaxy,SDSS J082739.86+192113.9,['SDSS J082739.86+192113.9' '126.916' '19.354' '1.562' 'inf' 'Galaxy' 'G'],,,,K. C. Chambers
2018mfs*,14:19:12.843,+30:54:17.71,2018-12-20 12:54:08.640,14-Oct-2023,19.6858,ABMag,g - ZTF,1.59,Galaxy,2MASX J14191275+3054178,['2MASX J14191275+3054178' '214.803' '30.905' '1.59' 'inf' 'Galaxy' 'G'],,,,Patrick Aleo (UIUC)
2023usg*,15:43:04.077,+51:12:47.34,2023-10-07 03:18:50.976,13-Oct-2023,18.5975,ABMag,g - ZTF,1.595,LINER,2MASX J15430411+5112490,['2MASX J15430411+5112490' '235.767' '51.214' '1.595' 'inf' 'LINER' 'LIN'],,,,K. De (Caltech) on behalf of ZTF
2023und*,02:46:02.274,-00:41:37.68,2023-10-07 11:32:42.720,10-Oct-2023,20.21,ABMag,g - P1,1.651,GtowardsCl,DES J024602.37-004138.3,"['DES J024602.37-004138.3' '41.51' '-0.694' '1.651' 'inf' 'GtowardsCl'
 'GiC']",,,,D. O. Jones (UC Santa Cruz)
2023uga,23:36:13.608,-37:29:00.76,2023-10-06 04:10:07.680,07-Oct-2023,19.119,ABMag,cyan - ATLAS,1.671,Galaxy,2MASX J23361374-3729021,['2MASX J23361374-3729021' '354.057' '-37.484' '1.671' 'inf' 'Galaxy' 'G'],,,,J. Tonry
2023uyq*,02:41:33.541,-07:35:02.90,2023-10-14 03:18:36.288,16-Oct-2023,18.717,ABMag,orange - ATLAS,1.673,Galaxy,2MASX J02413364-0735023,['2MASX J02413364-0735023' '40.39' '-7.584' '1.673' 'inf' 'Galaxy' 'G'],,,,J. Tonry
2023vht,01:17:11.932,-18:40:18.22,2023-10-18 08:01:39.996,19-Oct-2023,19.9628,ABMag,g - ZTF,1.677,Galaxy,LEDA  865169,['LEDA  865169' '19.3' '-18.672' '1.677' 'inf' 'Galaxy' 'G'],,,,A. Munoz-Arancibia
2023urj,00:03:46.499,+24:36:44.18,2023-10-10 09:35:27.168,12-Oct-2023,18.775,ABMag,cyan - ATLAS,1.692,Galaxy,Gaia DR3 2849990356023776896,"['Gaia DR3 2849990356023776896' '0.944' '24.613' '1.692' 'inf' 'Galaxy'
 'G']",,,,J. Tonry
2018mhs*,00:49:27.050,-08:42:53.16,2018-08-31 09:33:44.352,14-Oct-2023,19.4899,ABMag,g - ZTF,1.706,Galaxy,SDSS J004927.15-084253.3,['SDSS J004927.15-084253.3' '12.363' '-8.715' '1.706' 'inf' 'Galaxy' 'G'],,,,Patrick Aleo (UIUC)
2023vii,23:54:33.956,-38:43:29.62,2023-10-16 21:58:45.120,19-Oct-2023,18.788,ABMag,orange - ATLAS,1.742,Galaxy,2MASX J23543391-3843312,['2MASX J23543391-3843312' '358.641' '-38.725' '1.742' 'inf' 'Galaxy' 'G'],,,,J. Tonry
2023uqw*,23:52:24.045,+17:19:54.74,2023-10-10 05:59:38.996,11-Oct-2023,19.3822,ABMag,g - ZTF,1.742,Galaxy,LEDA 1530239,['LEDA 1530239' '358.101' '17.332' '1.742' 'inf' 'Galaxy' 'G'],,,,F. Forster
2023uaf*,00:26:33.041,+00:30:15.86,2023-10-03 11:33:20.736,05-Oct-2023,18.96,ABMag,i - P1,1.748,Galaxy,LEDA  172058,['LEDA  172058' '6.638' '0.504' '1.748' 'inf' 'Galaxy' 'G'],,,,K. C. Chambers
2023vuw*,09:42:54.986,+05:53:29.49,2023-10-25 11:37:39.996,26-Oct-2023,20.3001,ABMag,g - ZTF,1.789,Galaxy,SDSS J094254.96+055327.7,['SDSS J094254.96+055327.7' '145.729' '5.891' '1.789' 'inf' 'Galaxy' 'G'],,,,A. Munoz-Arancibia
2023vpg,21:30:36.109,-13:07:10.80,2023-10-16 05:59:58.004,22-Oct-2023,19.4011,ABMag,g - ZTF,1.791,Galaxy,LEDA  942627,['LEDA  942627' '322.651' '-13.12' '1.791' 'inf' 'Galaxy' 'G'],,,,F. Forster
2023ujo,23:42:44.943,+09:45:45.56,2023-10-05 07:03:16.416,09-Oct-2023,21.34,ABMag,w - P1,1.824,GtowardsCl,DES J234244.85+094544.2,"['DES J234244.85+094544.2' '355.687' '9.762' '1.824' 'inf' 'GtowardsCl'
 'GiC']",,,,K. C. Chambers
2023unf,06:58:04.342,-24:15:31.37,2023-10-09 07:36:08.928,10-Oct-2023,18.19,ABMag,orange - ATLAS,1.83,Galaxy,2MASX J06580419-2415300,['2MASX J06580419-2415300' '104.518' '-24.259' '1.83' 'inf' 'Galaxy' 'G'],,,,J. Tonry
2023veh,03:38:36.934,-28:27:46.66,2023-10-14 11:03:28.800,17-Oct-2023,19.29,ABMag,w - P1,1.83,Galaxy,Gaia DR3 5057184666598509568,"['Gaia DR3 5057184666598509568' '54.653' '-28.463' '1.83' 'inf' 'Galaxy'
 'G']",,,,K. C. Chambers
2023vtn,09:44:31.723,-03:50:12.07,2023-10-13 12:21:36.000,25-Oct-2023,19.19,ABMag,r - ZTF,1.842,Galaxy,LEDA 1066242,['LEDA 1066242' '146.132' '-3.837' '1.842' 'inf' 'Galaxy' 'G'],,,,C. Fremling (Caltech) on behalf of the Zwicky Transient Facility (ZTF) collaboration
2023utn,01:04:45.366,-37:59:31.16,2023-10-09 06:08:36.672,13-Oct-2023,18.588,ABMag,orange - ATLAS,1.847,Galaxy,LCRS B010225.9-381537,['LCRS B010225.9-381537' '16.189' '-37.992' '1.847' 'inf' 'Galaxy' 'G'],,,,J. Tonry
2023tvk,16:39:11.081,+49:08:04.44,2023-10-01 05:35:02.688,02-Oct-2023,18.199,ABMag,orange - ATLAS,1.863,Galaxy,LEDA 2334434,['LEDA 2334434' '249.795' '49.135' '1.863' 'inf' 'Galaxy' 'G'],,,,J. Tonry
2023vdb,09:59:13.804,+74:21:07.51,2023-10-16 12:17:14.001,17-Oct-2023,20.1625,ABMag,g - ZTF,1.874,Galaxy,Gaia DR3 1126315006842430720,"['Gaia DR3 1126315006842430720' '149.806' '74.352' '1.874' 'inf' 'Galaxy'
 'G']",,,,A. Munoz-Arancibia
2018mke*,02:13:23.753,-00:11:20.10,2018-12-29 06:27:19.872,14-Oct-2023,20.0231,ABMag,g - ZTF,1.874,Seyfert1,[VV2003c] J021323.8-001121,"['[VV2003c] J021323.8-001121' '33.349' '-0.189' '1.874' 'inf' 'Seyfert1'
 'Sy1']",,,,Patrick Aleo (UIUC)
2023upd,22:42:27.281,-29:03:35.82,2023-09-24 04:06:22.176,11-Oct-2023,21.7386,ABMag,g - Sloan,1.88,Galaxy,2dFGRS TGS259Z212,['2dFGRS TGS259Z212' '340.614' '-29.06' '1.88' 'inf' 'Galaxy' 'G'],,,,Tomás Cabrera (CMU)
2023usm*,09:27:15.350,+13:57:20.92,2023-09-29 10:55:12.000,13-Oct-2023,18.23,ABMag,G - Gaia,1.923,Galaxy,2MASX J09271524+1357195,['2MASX J09271524+1357195' '141.814' '13.955' '1.923' 'inf' 'Galaxy' 'G'],,,,S.T. Hodgkin
2023vtw*,08:56:02.711,+47:25:02.53,2023-10-13 10:42:14.400,25-Oct-2023,19.86,ABMag,g - ZTF,1.924,Galaxy,LEDA 2297819,['LEDA 2297819' '134.012' '47.418' '1.924' 'inf' 'Galaxy' 'G'],,,,C. Fremling (Caltech) on behalf of the Zwicky Transient Facility (ZTF) collaboration
2021ahzr,03:32:10.765,+26:58:52.24,2021-08-14 10:43:57.216,15-Oct-2023,20.5284,ABMag,g - ZTF,1.958,Galaxy,LEDA 1794304,['LEDA 1794304' '53.045' '26.981' '1.958' 'inf' 'Galaxy' 'G'],,,,Patrick Aleo (UIUC)
2023vja,23:58:43.385,-26:59:03.39,2023-10-18 07:41:27.744,20-Oct-2023,19.95,ABMag,w - P1,1.971,Galaxy,2dFGRS TGS197Z195,['2dFGRS TGS197Z195' '359.68' '-26.985' '1.971' 'inf' 'Galaxy' 'G'],,,,K. C. Chambers
2023tzn,22:45:46.990,-47:09:23.62,2023-10-02 13:30:43.200,05-Oct-2023,18.63,ABMag,G - Gaia,1.975,Galaxy,LEDA  505779,['LEDA  505779' '341.445' '-47.157' '1.975' 'inf' 'Galaxy' 'G'],,,,S.T. Hodgkin
2023tog,22:04:20.455,-24:41:16.83,2023-09-24 04:03:06.912,26-Sep-2023,21.3456,ABMag,g - Sloan,1.983,Galaxy,2dFGRS TGS060Z214,['2dFGRS TGS060Z214' '331.086' '-24.688' '1.983' 'inf' 'Galaxy' 'G'],,,,Tomás Cabrera (CMU)
2023ukb*,09:26:41.296,+57:55:37.51,2023-10-07 10:40:08.999,09-Oct-2023,19.2712,ABMag,g - ZTF,2.001,Galaxy,2MASX J09264108+5755378,['2MASX J09264108+5755378' '141.671' '57.927' '2.001' 'inf' 'Galaxy' 'G'],,,,A. Munoz-Arancibia
2023vbr,23:08:12.466,+13:02:00.01,2023-10-15 04:20:45.001,16-Oct-2023,18.2371,ABMag,r - ZTF,2.006,Galaxy,Z 431-4,['Z 431-4' '347.051' '13.034' '2.006' 'inf' 'Galaxy' 'G'],,,,F. Forster
2023ung,21:54:21.826,+09:06:13.18,2023-10-04 03:36:00.000,11-Oct-2023,17.2,ABMag,g - Sloan,2.022,Galaxy,2MASX J21542175+0906120,['2MASX J21542175+0906120' '328.59' '9.103' '2.022' 'inf' 'Galaxy' 'G'],,,,K. Z. Stanek
2023vet*,01:25:04.530,-08:48:49.89,2023-10-15 08:53:50.208,18-Oct-2023,20.14,ABMag,w - P1,2.028,Galaxy,SDSS J012504.39-084850.3,['SDSS J012504.39-084850.3' '21.268' '-8.814' '2.028' 'inf' 'Galaxy' 'G'],,,,K. C. Chambers
2023uwp,21:48:25.584,-18:38:02.98,2023-10-14 04:02:58.004,15-Oct-2023,19.9322,ABMag,g - ZTF,2.033,Galaxy,LEDA  865692,['LEDA  865692' '327.107' '-18.635' '2.033' 'inf' 'Galaxy' 'G'],,,,F. Forster
2023vpb,08:07:18.973,+46:04:05.59,2023-10-17 11:18:09.000,22-Oct-2023,20.6809,ABMag,g - ZTF,2.042,Galaxy,SDSS J080719.10+460404.0,['SDSS J080719.10+460404.0' '121.83' '46.068' '2.042' 'inf' 'Galaxy' 'G'],,,,F. Forster
2023uiu,01:44:37.820,-21:01:53.83,2023-06-17 09:18:55.296,08-Oct-2023,18.739,ABMag,cyan - ATLAS,2.047,Galaxy,LEDA  833616,['LEDA  833616' '26.157' '-21.032' '2.047' 'inf' 'Galaxy' 'G'],,,,J. Tonry
2023uvt*,09:16:21.085,+07:57:22.41,2023-10-13 11:03:39.004,14-Oct-2023,18.8949,ABMag,g - ZTF,2.083,Galaxy,SDSS J091621.19+075721.1,['SDSS J091621.19+075721.1' '139.088' '7.956' '2.083' 'inf' 'Galaxy' 'G'],,,,F. Forster
2023txx,21:57:13.430,-09:45:51.15,2023-10-03 05:46:39.072,04-Oct-2023,20.28,ABMag,w - P1,2.101,Galaxy,LEDA  986729,['LEDA  986729' '329.305' '-9.764' '2.101' 'inf' 'Galaxy' 'G'],,,,K. C. Chambers
2023toa,22:53:59.735,-28:34:14.88,2023-09-24 05:26:56.256,26-Sep-2023,21.6926,ABMag,g - Sloan,2.102,Galaxy,2dFGRS TGS262Z139,['2dFGRS TGS262Z139' '343.498' '-28.571' '2.102' 'inf' 'Galaxy' 'G'],,,,Tomás Cabrera (CMU)
2023uyz,20:06:11.440,-21:58:21.20,2023-10-13 05:48:00.288,16-Oct-2023,19.14,ABMag,w - P1,2.105,Galaxy,LEDA  821065,['LEDA  821065' '301.547' '-21.973' '2.105' 'inf' 'Galaxy' 'G'],,,,K. C. Chambers
2023tvn,17:09:56.140,-82:14:09.71,2023-09-20 17:35:56.256,02-Oct-2023,18.537,ABMag,orange - ATLAS,2.112,Galaxy,2MASX J17095629-8214119,"['2MASX J17095629-8214119' '257.484' '-82.237' '2.112' '2.335' 'Galaxy'
 'G']",,,,J. Tonry
2023wat,02:21:13.920,-09:52:17.62,2023-09-11 13:02:07.296,30-Oct-2023,21.71,ABMag,w - P1,2.115,Galaxy,GAMA 1621179,['GAMA 1621179' '35.308' '-9.871' '2.115' 'inf' 'Galaxy' 'G'],,,,K. C. Chambers
2023tst,02:20:02.637,-03:48:30.96,2023-09-27 11:41:53.952,28-Sep-2023,20.1,ABMag,r - P1,2.145,Galaxy,GAMA 2309927,['GAMA 2309927' '35.012' '-3.809' '2.145' 'inf' 'Galaxy' 'G'],,,,D. O. Jones (UC Santa Cruz)
2023tpw,07:05:26.262,+51:24:01.45,2023-09-25 10:22:27.998,26-Sep-2023,20.5138,ABMag,g - ZTF,2.168,Galaxy,LEDA 2393474,['LEDA 2393474' '106.359' '51.401' '2.168' 'inf' 'Galaxy' 'G'],,,,A. Munoz-Arancibia
2023uxs,23:51:56.589,-39:20:29.99,2023-10-13 21:46:58.368,15-Oct-2023,18.495,ABMag,orange - ATLAS,2.191,Galaxy,LCRS B234920.4-393709,['LCRS B234920.4-393709' '357.985' '-39.341' '2.191' 'inf' 'Galaxy' 'G'],,,,J. Tonry
2023vtv,00:48:00.200,-20:10:06.86,2023-09-26 08:23:59.000,25-Oct-2023,18.62,ABMag,r - ZTF,2.192,QSO,[VV98] J004800.2-201011,['[VV98] J004800.2-201011' '12.001' '-20.169' '2.192' 'inf' 'QSO' 'QSO'],,,,C. Fremling (Caltech) on behalf of the Zwicky Transient Facility (ZTF) collaboration
2023vfu,21:56:12.693,+44:12:42.06,2023-10-13 06:26:35.998,18-Oct-2023,20.8695,ABMag,g - ZTF,2.21,Galaxy,2MASX J21561254+4412436,['2MASX J21561254+4412436' '329.052' '44.212' '2.21' 'inf' 'Galaxy' 'G'],,,,A. Munoz-Arancibia
2023ujn,02:26:36.066,-26:38:03.88,2023-10-07 10:39:46.656,09-Oct-2023,21.11,ABMag,w - P1,2.227,Galaxy,2dFGRS TGS230Z236,['2dFGRS TGS230Z236' '36.65' '-26.634' '2.227' 'inf' 'Galaxy' 'G'],,,,K. C. Chambers
2023vcq,01:16:06.658,-28:40:42.41,2023-10-15 05:12:29.664,17-Oct-2023,19.015,ABMag,orange - ATLAS,2.241,Galaxy,2MASX J01160669-2840444,['2MASX J01160669-2840444' '19.028' '-28.679' '2.241' 'inf' 'Galaxy' 'G'],,,,J. Tonry
2023vgy*,07:45:35.804,+32:11:01.18,2023-10-16 13:39:25.920,19-Oct-2023,20.45,ABMag,w - P1,2.243,Galaxy,2MASX J07453579+3210586,['2MASX J07453579+3210586' '116.399' '32.183' '2.243' 'inf' 'Galaxy' 'G'],,,,K. C. Chambers
2023uvi,08:46:14.481,+82:47:33.78,2023-10-13 10:47:00.997,14-Oct-2023,20.0997,ABMag,g - ZTF,2.246,Galaxy,LEDA 2787214,['LEDA 2787214' '131.56' '82.793' '2.246' 'inf' 'Galaxy' 'G'],,,,F. Forster
2023vsx,00:35:50.079,+19:24:55.78,2023-10-16 09:39:47.232,25-Oct-2023,18.682,ABMag,cyan - ATLAS,2.25,Galaxy,2MASX J00354994+1924563,['2MASX J00354994+1924563' '8.958' '19.416' '2.25' 'inf' 'Galaxy' 'G'],,,,J. Tonry
2023vhc*,00:11:38.918,+32:28:42.68,2023-10-18 07:22:27.264,19-Oct-2023,20.94,ABMag,r - P1,2.25,Galaxy,SDSS J001138.75+322841.8,['SDSS J001138.75+322841.8' '2.911' '32.478' '2.25' 'inf' 'Galaxy' 'G'],,,,D. O. Jones (UC Santa Cruz)
2023vjo*,10:35:42.135,+05:36:57.45,2023-10-12 12:45:08.640,20-Oct-2023,18.1531,ABMag,r - ZTF,2.27,GtowardsGroup,LEDA   31382,['LEDA   31382' '158.926' '5.616' '2.27' '1.338' 'GtowardsGroup' 'GiG'],,,,K. De (Caltech) on behalf of ZTF
2023uma,22:57:10.069,+08:30:19.15,2023-10-09 05:38:41.280,10-Oct-2023,18.1316,ABMag,r - ZTF,2.3,Galaxy,NGC  7427,['NGC  7427' '344.291' '8.506' '2.3' 'inf' 'Galaxy' 'G'],,,,K. De (Caltech) on behalf of ZTF
2023vhk*,10:04:56.310,+27:28:53.94,2023-10-18 14:23:28.896,19-Oct-2023,17.623,ABMag,cyan - ATLAS,2.301,Galaxy,SDSS J100456.46+272852.9,['SDSS J100456.46+272852.9' '151.235' '27.481' '2.301' 'inf' 'Galaxy' 'G'],,,,J. Tonry
2023vky,04:09:28.530,-52:07:22.97,2023-10-18 00:38:27.744,20-Oct-2023,19.237,ABMag,orange - ATLAS,2.305,Galaxy,LEDA  448405,['LEDA  448405' '62.368' '-52.122' '2.305' 'inf' 'Galaxy' 'G'],,,,J. Tonry
2023ttn*,10:10:01.897,+11:36:29.22,2023-09-28 12:31:51.004,29-Sep-2023,18.5523,ABMag,r - ZTF,2.318,Galaxy,2MASX J10100173+1136282,['2MASX J10100173+1136282' '152.507' '11.608' '2.318' 'inf' 'Galaxy' 'G'],,,,A. Munoz-Arancibia
2023ubm,00:37:27.855,-04:34:16.89,2023-10-03 23:17:55.392,05-Oct-2023,17.977,ABMag,orange - ATLAS,2.344,Galaxy,LEDA 1056390,['LEDA 1056390' '9.367' '-4.571' '2.344' 'inf' 'Galaxy' 'G'],,,,J. Tonry
2023uvz,02:06:42.971,-13:19:55.27,2023-10-12 05:57:06.336,14-Oct-2023,18.536,ABMag,orange - ATLAS,2.346,Galaxy,2MASX J02064312-1319566,['2MASX J02064312-1319566' '31.68' '-13.332' '2.346' 'inf' 'Galaxy' 'G'],,,,J. Tonry
2023vac,20:23:20.578,-18:11:18.37,2023-10-13 05:51:42.336,16-Oct-2023,20.45,ABMag,w - P1,2.378,Galaxy,2MASX J20232069-1811163,['2MASX J20232069-1811163' '305.836' '-18.188' '2.378' 'inf' 'Galaxy' 'G'],,,,K. C. Chambers
2023uiw,04:29:51.585,-67:19:06.47,2023-08-11 08:49:36.192,08-Oct-2023,18.651,ABMag,orange - ATLAS,2.379,Galaxy,LEDA  296934,['LEDA  296934' '67.466' '-67.319' '2.379' 'inf' 'Galaxy' 'G'],,,,J. Tonry
2023tsn,03:48:34.180,+75:21:29.49,2023-09-21 11:59:57.002,28-Sep-2023,20.3428,ABMag,r - ZTF,2.383,Galaxy,Gaia DR3 550903192929334528,['Gaia DR3 550903192929334528' '57.14' '75.358' '2.383' 'inf' 'Galaxy' 'G'],,,,A. Munoz-Arancibia
2023tyk,09:35:11.426,+83:58:24.44,2023-10-03 10:35:34.999,04-Oct-2023,18.2745,ABMag,g - ZTF,2.393,Galaxy,2MASX J09350992+8358225,['2MASX J09350992+8358225' '143.792' '83.973' '2.393' 'inf' 'Galaxy' 'G'],,,,A. Munoz-Arancibia
2023uki,18:40:32.163,+26:16:01.94,2023-10-05 04:06:02.002,09-Oct-2023,19.9328,ABMag,g - ZTF,2.435,Galaxy,LEDA 2812057,['LEDA 2812057' '280.133' '26.268' '2.435' 'inf' 'Galaxy' 'G'],,,,A. Munoz-Arancibia
2018mhr,00:01:53.743,+30:35:56.71,2018-08-31 08:12:04.608,14-Oct-2023,20.1676,ABMag,r - ZTF,2.463,Galaxy,Gaia DR3 2873341955773809536,"['Gaia DR3 2873341955773809536' '0.474' '30.599' '2.463' 'inf' 'Galaxy'
 'G']",,,,Patrick Aleo (UIUC)
2018mhk,22:54:20.581,+25:54:32.66,2018-08-04 07:49:16.896,14-Oct-2023,20.7925,ABMag,g - ZTF,2.477,GtowardsGroup,2MFGC 17220,['2MFGC 17220' '343.587' '25.909' '2.477' 'inf' 'GtowardsGroup' 'GiG'],,,,Patrick Aleo (UIUC)
2023tqr*,07:54:40.820,+23:03:23.65,2023-09-25 14:42:31.968,26-Sep-2023,19.8,ABMag,w - P1,2.486,Galaxy,SDSS J075440.72+230325.7,['SDSS J075440.72+230325.7' '118.67' '23.057' '2.486' 'inf' 'Galaxy' 'G'],PairG,[PA2008] 118.669669+23.05716,"['[PA2008] 118.669669+23.05716' '118.67' '23.057' '2.555' 'inf' 'PairG'
 'PaG']",K. C. Chambers
2023tqr*,07:54:40.820,+23:03:23.65,2023-09-25 14:42:31.968,27-Sep-2023,19.8,ABMag,w - P1,2.486,Galaxy,SDSS J075440.72+230325.7,['SDSS J075440.72+230325.7' '118.67' '23.057' '2.486' 'inf' 'Galaxy' 'G'],PairG,[PA2008] 118.669669+23.05716,"['[PA2008] 118.669669+23.05716' '118.67' '23.057' '2.555' 'inf' 'PairG'
 'PaG']",K. C. Chambers
2018mil,23:52:53.440,-16:11:00.97,2018-09-08 07:54:59.904,14-Oct-2023,20.5087,ABMag,g - ZTF,2.501,Galaxy,LEDA  901411,['LEDA  901411' '358.223' '-16.183' '2.501' 'inf' 'Galaxy' 'G'],,,,Patrick Aleo (UIUC)
2023ugm,21:06:12.095,-35:07:38.84,2023-10-06 01:57:19.872,07-Oct-2023,19.312,ABMag,cyan - ATLAS,2.515,Galaxy,LEDA  652956,['LEDA  652956' '316.551' '-35.128' '2.515' 'inf' 'Galaxy' 'G'],,,,J. Tonry
2023vpm,07:37:30.245,+38:54:56.21,2023-10-20 14:36:52.416,23-Oct-2023,19.76,ABMag,w - P1,2.52,Galaxy,2MASX J07373030+3854586,['2MASX J07373030+3854586' '114.376' '38.916' '2.52' 'inf' 'Galaxy' 'G'],,,,K. C. Chambers
2023tuj,03:22:10.187,-16:45:32.45,2023-09-27 12:38:33.792,30-Sep-2023,19.28,ABMag,y - P1,2.557,Galaxy,LEDA  893932,['LEDA  893932' '50.542' '-16.76' '2.557' 'inf' 'Galaxy' 'G'],,,,D. O. Jones (UC Santa Cruz)
2023wdi*,20:45:14.686,-05:29:01.36,2023-10-31 06:00:00.000,02-Nov-2023,16.7,ABMag,g - Sloan,2.56,RadioG,MCG-01-53-004,['MCG-01-53-004' '311.311' '-5.484' '2.56' 'inf' 'RadioG' 'rG'],,,,K. Z. Stanek
2023tjx,22:30:13.652,-48:09:04.45,2023-09-12 01:33:16.992,23-Sep-2023,18.786,ABMag,cyan - ATLAS,2.561,Galaxy,2MASX J22301371-4809066,['2MASX J22301371-4809066' '337.557' '-48.152' '2.561' 'inf' 'Galaxy' 'G'],,,,J. Tonry
2023vhr*,10:33:51.656,+17:22:58.35,2023-10-18 12:26:30.002,19-Oct-2023,19.5056,ABMag,r - ZTF,2.57,Galaxy,2MASX J10335184+1722596,['2MASX J10335184+1722596' '158.466' '17.383' '2.57' 'inf' 'Galaxy' 'G'],,,,A. Munoz-Arancibia
2023vuo,11:13:47.994,-04:44:21.58,2023-10-24 12:50:52.002,26-Oct-2023,19.3499,ABMag,r - ZTF,2.582,Galaxy,2dFGRS TGN166Z304,['2dFGRS TGN166Z304' '168.45' '-4.739' '2.582' 'inf' 'Galaxy' 'G'],,,,A. Munoz-Arancibia
2023tto,04:01:29.476,+46:11:10.89,2023-09-26 11:10:09.998,29-Sep-2023,20.223,ABMag,r - ZTF,2.629,Galaxy,LEDA  168510,['LEDA  168510' '60.372' '46.186' '2.629' 'inf' 'Galaxy' 'G'],,,,A. Munoz-Arancibia
2023tzx,22:43:30.315,-14:48:36.15,2023-10-04 07:05:00.960,05-Oct-2023,18.89,ABMag,w - P1,2.638,Galaxy,2dFGRS TGS855Z083,['2dFGRS TGS855Z083' '340.877' '-14.811' '2.638' 'inf' 'Galaxy' 'G'],,,,K. C. Chambers
2023wby*,08:58:57.754,+28:54:08.86,2023-10-21 10:37:57.792,31-Oct-2023,19.819,ABMag,g - ZTF,2.649,RadioG,FIRST J085857.7+285406,['FIRST J085857.7+285406' '134.741' '28.902' '2.649' '2.383' 'RadioG' 'rG'],,,,K. De (Caltech) on behalf of ZTF
2023ull,03:43:15.572,-15:22:10.94,2023-10-08 12:24:59.904,10-Oct-2023,20.18,ABMag,w - P1,2.659,Galaxy,LEDA  912132,['LEDA  912132' '55.814' '-15.369' '2.659' 'inf' 'Galaxy' 'G'],,,,K. C. Chambers
2023waq*,09:36:02.597,+08:52:18.47,2023-10-17 14:36:55.008,30-Oct-2023,21.53,ABMag,w - P1,2.662,Galaxy,SDSS J093602.49+085216.3,['SDSS J093602.49+085216.3' '144.01' '8.871' '2.662' 'inf' 'Galaxy' 'G'],,,,K. C. Chambers
2023tvd*,09:00:34.290,+01:18:54.90,2023-09-29 15:23:02.400,02-Oct-2023,18.71,ABMag,G - Gaia,2.683,RadioG,NVSS J090034+011857,['NVSS J090034+011857' '135.142' '1.316' '2.683' 'inf' 'RadioG' 'rG'],,,,S.T. Hodgkin
2023tnn,07:40:55.306,+56:29:21.16,2023-09-24 11:18:10.996,25-Sep-2023,17.7303,ABMag,r - ZTF,2.692,Galaxy,LEDA 2538367,['LEDA 2538367' '115.231' '56.489' '2.692' 'inf' 'Galaxy' 'G'],,,,F. Forster
2023vqn,22:52:31.682,+18:14:06.70,2023-10-22 07:54:42.624,23-Oct-2023,19.124,ABMag,orange - ATLAS,2.712,Galaxy,LEDA 1553834,['LEDA 1553834' '343.132' '18.234' '2.712' 'inf' 'Galaxy' 'G'],,,,J. Tonry
2023ujr,17:08:25.282,+11:52:16.58,2023-10-08 06:32:42.144,09-Oct-2023,16.912,ABMag,cyan - ATLAS,2.734,Galaxy,LEDA   59680,['LEDA   59680' '257.105' '11.871' '2.734' 'inf' 'Galaxy' 'G'],,,,J. Tonry
2023tzq,06:12:22.463,-27:28:07.97,2023-10-03 14:35:36.384,05-Oct-2023,19.51,ABMag,i - P1,2.744,Galaxy,2MASX J06122223-2728091,['2MASX J06122223-2728091' '93.093' '-27.469' '2.744' 'inf' 'Galaxy' 'G'],,,,K. C. Chambers
2023uzv*,08:41:57.258,+26:12:06.02,2023-10-13 14:45:56.736,16-Oct-2023,20.83,ABMag,w - P1,2.746,Galaxy,SDSS J084157.38+261208.1,['SDSS J084157.38+261208.1' '130.489' '26.202' '2.746' 'inf' 'Galaxy' 'G'],,,,K. C. Chambers
2023ucy,19:01:41.992,+40:45:05.89,2023-10-05 03:38:05.280,06-Oct-2023,17.9015,ABMag,r - ZTF,2.756,Galaxy,LEDA  200362,['LEDA  200362' '285.425' '40.752' '2.756' 'inf' 'Galaxy' 'G'],,,,K. De (Caltech) on behalf of ZTF
2023viu,05:04:06.090,+02:42:45.55,2023-10-17 13:30:17.280,20-Oct-2023,19.94,ABMag,w - P1,2.77,Galaxy,Gaia DR3 3238103082863392640,['Gaia DR3 3238103082863392640' '76.025' '2.712' '2.77' 'inf' 'Galaxy' 'G'],,,,K. C. Chambers
2023usj,22:08:44.185,-26:54:44.60,2023-10-11 08:46:03.648,13-Oct-2023,20.93,ABMag,w - P1,2.787,Galaxy,2dFGRS TGS174Z216,['2dFGRS TGS174Z216' '332.184' '-26.913' '2.787' 'inf' 'Galaxy' 'G'],,,,K. C. Chambers
2019aatf,13:55:53.741,+57:10:17.59,2019-01-28 11:39:46.080,14-Oct-2023,19.9705,ABMag,g - ZTF,2.809,Galaxy,SDSS J135554.03+571019.0,['SDSS J135554.03+571019.0' '208.975' '57.172' '2.809' 'inf' 'Galaxy' 'G'],,,,Patrick Aleo (UIUC)
2023upl,02:54:39.024,-68:55:43.22,2023-10-10 05:47:45.600,11-Oct-2023,19.133,ABMag,orange - ATLAS,2.81,Galaxy,LEDA  282493,['LEDA  282493' '43.663' '-68.929' '2.81' 'inf' 'Galaxy' 'G'],,,,J. Tonry
2018mhx*,00:57:58.129,+14:52:04.42,2018-09-01 11:19:14.016,14-Oct-2023,20.2772,ABMag,g - ZTF,2.849,Galaxy,SDSS J005758.24+145206.7,['SDSS J005758.24+145206.7' '14.493' '14.869' '2.849' 'inf' 'Galaxy' 'G'],,,,Patrick Aleo (UIUC)
2023uoy,22:52:57.386,-27:40:54.80,2023-09-24 04:07:52.896,11-Oct-2023,21.9318,ABMag,g - Sloan,2.85,Galaxy,LEDA  751375,['LEDA  751375' '343.24' '-27.682' '2.85' 'inf' 'Galaxy' 'G'],,,,Tomás Cabrera (CMU)
2023vdq,10:48:59.374,+23:17:17.60,2023-10-13 12:26:50.997,17-Oct-2023,19.3401,ABMag,r - ZTF,2.882,Galaxy,LEDA 1684731,['LEDA 1684731' '162.247' '23.288' '2.882' 'inf' 'Galaxy' 'G'],,,,A. Munoz-Arancibia
2023uet,23:41:13.666,-17:43:21.73,2023-10-05 08:12:57.312,07-Oct-2023,21.32,ABMag,w - P1,2.97,Galaxy,LEDA  878552,['LEDA  878552' '355.307' '-17.723' '2.97' 'inf' 'Galaxy' 'G'],,,,K. C. Chambers
2023vbq,22:46:12.857,-27:15:26.13,2023-10-10 05:02:25.002,16-Oct-2023,19.975,ABMag,g - ZTF,3.001,Galaxy,2dFGRS TGS182Z028,['2dFGRS TGS182Z028' '341.554' '-27.258' '3.001' 'inf' 'Galaxy' 'G'],,,,F. Forster
2023vcn,03:35:17.478,-27:45:03.99,2023-10-16 13:01:14.592,17-Oct-2023,19.61,ABMag,r - P1,3.024,GtowardsCl,LEDA  750359,['LEDA  750359' '53.823' '-27.752' '3.024' 'inf' 'GtowardsCl' 'GiC'],,,,D. O. Jones (UC Santa Cruz)
2023vag*,00:05:13.596,+11:34:43.01,2023-10-13 06:40:53.760,16-Oct-2023,20.62,ABMag,w - P1,3.052,Galaxy,LEDA 1395722,['LEDA 1395722' '1.306' '11.578' '3.052' 'inf' 'Galaxy' 'G'],,,,K. C. Chambers
2023tsg,03:25:47.510,-50:43:57.14,2023-09-25 22:53:45.600,28-Sep-2023,18.42,ABMag,G - Gaia,3.066,Galaxy,LEDA  463539,['LEDA  463539' '51.447' '-50.733' '3.066' 'inf' 'Galaxy' 'G'],,,,S.T. Hodgkin
2023urk,02:04:08.603,+35:09:58.04,2023-10-08 11:39:50.400,12-Oct-2023,18.399,ABMag,orange - ATLAS,3.084,GtowardsGroup,2MASX J02040841+3509591,"['2MASX J02040841+3509591' '31.035' '35.167' '3.084' 'inf' 'GtowardsGroup'
 'GiG']",,,,J. Tonry
2023vup,11:21:08.372,-02:59:37.42,2023-10-25 12:46:58.999,26-Oct-2023,19.1087,ABMag,r - ZTF,3.094,Galaxy,2MASX J11210825-0259399,['2MASX J11210825-0259399' '170.284' '-2.994' '3.094' 'inf' 'Galaxy' 'G'],,,,A. Munoz-Arancibia
2023uqi*,08:06:03.226,+19:48:24.59,2023-10-10 13:49:07.392,11-Oct-2023,18.789,ABMag,orange - ATLAS,3.095,LINER,2MASX J08060333+1948272,['2MASX J08060333+1948272' '121.514' '19.808' '3.095' 'inf' 'LINER' 'LIN'],,,,J. Tonry
2023vez,00:20:18.860,-14:32:19.22,2023-10-15 07:47:07.296,18-Oct-2023,19.23,ABMag,w - P1,3.103,Galaxy,LEDA 3093688,['LEDA 3093688' '5.078' '-14.538' '3.103' 'inf' 'Galaxy' 'G'],,,,K. C. Chambers
2023tsu,02:48:14.475,-03:10:43.82,2023-09-27 11:40:22.368,28-Sep-2023,20.0,ABMag,z - P1,3.11,Galaxy,SDSS J024814.61-031046.1,['SDSS J024814.61-031046.1' '42.061' '-3.179' '3.11' 'inf' 'Galaxy' 'G'],,,,D. O. Jones (UC Santa Cruz)
2023vub*,09:22:47.015,+19:42:18.79,2023-10-24 13:42:29.088,25-Oct-2023,18.528,ABMag,cyan - ATLAS,3.12,Galaxy,2MASX J09224689+1942158,['2MASX J09224689+1942158' '140.695' '19.704' '3.12' 'inf' 'Galaxy' 'G'],,,,J. Tonry
2021ahwh,13:19:39.616,+34:35:49.39,2021-05-06 07:43:09.696,14-Oct-2023,20.967,ABMag,r - ZTF,3.164,QSO,SDSS J131939.87+343549.8,['SDSS J131939.87+343549.8' '199.916' '34.597' '3.164' 'inf' 'QSO' 'QSO'],,,,Patrick Aleo (UIUC)
2018mfu*,08:12:08.103,+37:52:27.88,2018-11-03 11:07:02.208,14-Oct-2023,19.1698,ABMag,r - ZTF,3.187,Galaxy,2MASX J08120833+3752270,['2MASX J08120833+3752270' '123.035' '37.874' '3.187' 'inf' 'Galaxy' 'G'],,,,Patrick Aleo (UIUC)
2018mgs*,09:08:35.017,+12:45:03.92,2018-12-12 11:10:01.056,14-Oct-2023,20.3824,ABMag,g - ZTF,3.218,Galaxy,SDSS J090835.21+124502.5,['SDSS J090835.21+124502.5' '137.147' '12.751' '3.218' 'inf' 'Galaxy' 'G'],,,,Patrick Aleo (UIUC)
2023ugi,02:20:06.646,-35:51:22.16,2023-10-06 04:22:29.856,07-Oct-2023,19.43,ABMag,cyan - ATLAS,3.227,Galaxy,LEDA  643785,['LEDA  643785' '35.028' '-35.855' '3.227' 'inf' 'Galaxy' 'G'],,,,J. Tonry
2018mhq,16:47:53.138,+36:31:58.38,2018-08-26 05:06:44.928,14-Oct-2023,20.1746,ABMag,r - ZTF,3.229,Galaxy,SDSSCGB 53897.3,['SDSSCGB 53897.3' '251.972' '36.534' '3.229' 'inf' 'Galaxy' 'G'],,,,Patrick Aleo (UIUC)
2023tze*,21:17:28.595,-07:00:37.55,2023-10-03 19:47:02.976,05-Oct-2023,18.864,ABMag,orange - ATLAS,3.244,Galaxy,SDSS J211728.48-070040.3,['SDSS J211728.48-070040.3' '319.369' '-7.011' '3.244' 'inf' 'Galaxy' 'G'],,,,J. Tonry
2018mic,02:25:54.254,+16:17:18.46,2018-09-08 10:11:09.888,14-Oct-2023,19.9999,ABMag,r - ZTF,3.297,Galaxy,LEDA 1505272,['LEDA 1505272' '36.477' '16.289' '3.297' 'inf' 'Galaxy' 'G'],,,,Patrick Aleo (UIUC)
2023vik,09:56:56.734,+14:15:53.88,2023-10-16 14:44:21.696,19-Oct-2023,21.03,ABMag,w - P1,3.303,Galaxy,LEDA 1453688,['LEDA 1453688' '149.237' '14.264' '3.303' 'inf' 'Galaxy' 'G'],,,,K. C. Chambers
2023vbi,09:31:50.829,+73:14:12.80,2023-10-15 10:45:35.997,16-Oct-2023,20.2623,ABMag,g - ZTF,3.359,Galaxy,LEDA 2754351,['LEDA 2754351' '142.96' '73.236' '3.359' 'inf' 'Galaxy' 'G'],,,,F. Forster
2018mgn*,10:20:32.879,+27:47:19.19,2018-12-03 11:06:44.064,14-Oct-2023,20.0433,ABMag,r - ZTF,3.369,Galaxy,LEDA 1817985,['LEDA 1817985' '155.137' '27.788' '3.369' 'inf' 'Galaxy' 'G'],,,,Patrick Aleo (UIUC)
2023uks,18:53:36.438,+66:13:52.37,2023-10-05 04:45:43.004,09-Oct-2023,19.5165,ABMag,g - ZTF,3.375,Galaxy,2MASX J18533649+6613555,['2MASX J18533649+6613555' '283.402' '66.232' '3.375' 'inf' 'Galaxy' 'G'],,,,A. Munoz-Arancibia
2023uid,22:15:13.597,-26:31:31.24,2023-10-07 06:34:26.688,08-Oct-2023,21.13,ABMag,w - P1,3.409,Galaxy,2dFGRS TGS117Z348,['2dFGRS TGS117Z348' '333.807' '-26.526' '3.409' 'inf' 'Galaxy' 'G'],,,,K. C. Chambers
2019aatb,17:46:49.938,+44:59:57.84,2019-05-24 09:17:33.216,14-Oct-2023,20.3187,ABMag,r - ZTF,3.417,Galaxy,SDSS J174649.95+445954.4,['SDSS J174649.95+445954.4' '266.708' '44.998' '3.417' 'inf' 'Galaxy' 'G'],,,,Patrick Aleo (UIUC)
2023voo*,10:02:08.190,+49:06:24.87,2023-10-15 11:19:44.999,22-Oct-2023,20.5963,ABMag,g - ZTF,3.419,Galaxy,2MASX J10020809+4906273,['2MASX J10020809+4906273' '150.533' '49.108' '3.419' 'inf' 'Galaxy' 'G'],,,,F. Forster
2023tzu*,22:38:46.203,-02:21:22.93,2023-10-04 06:01:16.896,05-Oct-2023,20.72,ABMag,w - P1,3.436,Galaxy,LEDA 1094335,['LEDA 1094335' '339.692' '-2.357' '3.436' 'inf' 'Galaxy' 'G'],,,,K. C. Chambers
2023tqo*,10:16:19.550,+35:59:26.80,2023-09-25 22:55:17.184,26-Sep-2023,16.5,VegaMag,Clear - ,3.452,Galaxy,LEDA 2073213,['LEDA 2073213' '154.08' '35.991' '3.452' 'inf' 'Galaxy' 'G'],,,,Mi Zhang
2023txi,22:53:09.182,-53:42:48.22,2023-10-02 21:23:35.232,04-Oct-2023,18.069,ABMag,orange - ATLAS,3.466,Galaxy,6dFGS gJ225308.8-534248,['6dFGS gJ225308.8-534248' '343.287' '-53.713' '3.466' 'inf' 'Galaxy' 'G'],,,,J. Tonry
2023tlt,07:04:56.284,-48:27:47.53,2023-09-18 02:23:35.808,24-Sep-2023,18.944,ABMag,cyan - ATLAS,3.474,Galaxy,LEDA  487150,['LEDA  487150' '106.235' '-48.464' '3.474' 'inf' 'Galaxy' 'G'],,,,J. Tonry
2023vqu,01:36:20.836,+24:35:14.34,2023-10-20 05:36:03.004,23-Oct-2023,20.8163,ABMag,g - ZTF,3.476,Galaxy,LEDA 1711051,['LEDA 1711051' '24.088' '24.588' '3.476' 'inf' 'Galaxy' 'G'],,,,F. Forster
2023vlh,05:31:57.503,-15:46:55.00,2023-10-18 14:07:46.272,21-Oct-2023,21.06,ABMag,w - P1,3.477,Galaxy,LEDA  906546,['LEDA  906546' '82.99' '-15.782' '3.477' 'inf' 'Galaxy' 'G'],,,,K. C. Chambers
2023tlp,04:43:04.611,-25:22:51.83,2023-09-23 01:04:27.264,24-Sep-2023,18.772,ABMag,cyan - ATLAS,3.509,Galaxy,LEDA  779596,['LEDA  779596' '70.769' '-25.382' '3.509' 'inf' 'Galaxy' 'G'],,,,J. Tonry
2023ubp,23:10:31.073,+02:57:15.56,2023-10-05 03:19:09.984,06-Oct-2023,18.056,ABMag,cyan - ATLAS,3.517,Galaxy,2MASX J23103117+0257183,['2MASX J23103117+0257183' '347.63' '2.955' '3.517' 'inf' 'Galaxy' 'G'],,,,J. Tonry
2023vyy,21:15:00.739,-12:48:18.88,2023-10-28 03:03:27.999,29-Oct-2023,19.264,ABMag,g - ZTF,3.525,Galaxy,LEDA  947349,['LEDA  947349' '318.752' '-12.804' '3.525' 'inf' 'Galaxy' 'G'],,,,F. Forster
2023ulc,06:59:39.258,+30:54:46.03,2023-10-08 14:04:37.920,09-Oct-2023,18.672,ABMag,orange - ATLAS,3.538,Galaxy,LEDA 1923407,['LEDA 1923407' '104.914' '30.912' '3.538' 'inf' 'Galaxy' 'G'],,,,J. Tonry
2023vsn,03:34:08.186,-25:08:37.44,2023-10-23 10:57:20.736,25-Oct-2023,20.03,ABMag,w - P1,3.565,Galaxy,LEDA  782190,['LEDA  782190' '53.534' '-25.145' '3.565' 'inf' 'Galaxy' 'G'],,,,K. C. Chambers
2023vch,05:14:36.699,-23:48:26.26,2023-10-15 10:33:46.368,17-Oct-2023,18.8267,ABMag,g - ZTF,3.593,Galaxy,LEDA  796824,['LEDA  796824' '78.652' '-23.807' '3.593' '2.71' 'Galaxy' 'G'],,,,K. De (Caltech) on behalf of ZTF
2023vgj,09:13:32.970,-03:23:28.57,2023-10-14 09:36:00.000,19-Oct-2023,18.43,ABMag,G - Gaia,3.596,Galaxy,LEDA 1071901,['LEDA 1071901' '138.386' '-3.391' '3.596' 'inf' 'Galaxy' 'G'],,,,S.T. Hodgkin
2018mgy,17:53:38.318,+65:48:39.57,2018-05-14 09:43:23.232,14-Oct-2023,19.3882,ABMag,r - ZTF,3.643,Galaxy,LEDA 2680865,['LEDA 2680865' '268.409' '65.81' '3.643' 'inf' 'Galaxy' 'G'],,,,Patrick Aleo (UIUC)
2023uxj*,03:26:19.430,-01:15:04.91,2023-10-14 11:49:57.792,15-Oct-2023,20.39,ABMag,g - P1,3.645,Galaxy,SDSS J032619.18-011504.9,['SDSS J032619.18-011504.9' '51.58' '-1.251' '3.645' 'inf' 'Galaxy' 'G'],,,,D. O. Jones (UC Santa Cruz)
2023uhn*,22:58:08.529,+31:41:02.83,2023-10-06 05:50:27.168,08-Oct-2023,20.54,ABMag,w - P1,3.652,Galaxy,LEDA 1959108,['LEDA 1959108' '344.537' '31.684' '3.652' 'inf' 'Galaxy' 'G'],,,,K. C. Chambers
2018mhi,13:08:38.844,+30:51:33.16,2018-07-24 04:00:31.392,14-Oct-2023,19.7392,ABMag,r - ZTF,3.66,Galaxy,NGP9 F323-0241761,['NGP9 F323-0241761' '197.162' '30.858' '3.66' 'inf' 'Galaxy' 'G'],,,,Patrick Aleo (UIUC)
2023vyd,02:37:56.657,-25:36:22.89,2023-09-09 13:20:15.936,29-Oct-2023,20.46,ABMag,w - P1,3.662,Galaxy,2dFGRS TGS159Z226,['2dFGRS TGS159Z226' '39.487' '-25.607' '3.662' 'inf' 'Galaxy' 'G'],,,,K. C. Chambers
2023uvs*,10:32:38.480,+25:01:50.37,2023-10-13 12:23:09.001,14-Oct-2023,20.0582,ABMag,r - ZTF,3.684,Galaxy,LEDA 1723344,['LEDA 1723344' '158.16' '25.03' '3.684' 'inf' 'Galaxy' 'G'],,,,F. Forster
2023ubo,21:17:59.162,-62:26:08.03,2023-10-04 02:24:50.976,05-Oct-2023,19.348,ABMag,cyan - ATLAS,3.693,Galaxy,LEDA  344656,['LEDA  344656' '319.498' '-62.436' '3.693' 'inf' 'Galaxy' 'G'],,,,J. Tonry
2023ulg,01:18:44.221,-23:31:42.23,2023-10-09 05:14:34.080,10-Oct-2023,19.416,ABMag,orange - ATLAS,3.706,Galaxy,LEDA  799885,['LEDA  799885' '19.685' '-23.529' '3.706' 'inf' 'Galaxy' 'G'],,,,J. Tonry
2023uvm*,16:33:23.634,+47:19:02.61,2023-10-13 03:20:27.001,14-Oct-2023,19.6512,ABMag,g - ZTF,3.713,Seyfert1,2MASX J16332357+4718588,"['2MASX J16332357+4718588' '248.348' '47.316' '3.713' 'inf' 'Seyfert1'
 'Sy1']",,,,F. Forster
2023vbn*,22:57:02.512,-08:56:58.57,2023-10-15 06:20:12.002,16-Oct-2023,19.9733,ABMag,r - ZTF,3.722,Galaxy,MCG-02-58-012,['MCG-02-58-012' '344.261' '-8.949' '3.722' 'inf' 'Galaxy' 'G'],,,,F. Forster
2023tky,00:06:16.858,+35:11:11.42,2023-09-22 11:03:40.032,23-Sep-2023,18.772,ABMag,cyan - ATLAS,3.753,Galaxy,2MASX J00061717+3511139,['2MASX J00061717+3511139' '1.571' '35.187' '3.753' 'inf' 'Galaxy' 'G'],,,,J. Tonry
2023tyq,17:05:33.729,+42:09:51.96,2023-10-03 04:41:20.003,04-Oct-2023,19.1955,ABMag,g - ZTF,3.764,Galaxy,2MASX J17053359+4209487,['2MASX J17053359+4209487' '256.39' '42.163' '3.764' 'inf' 'Galaxy' 'G'],,,,A. Munoz-Arancibia
2023vit,23:26:45.088,-23:27:13.44,2023-10-18 07:38:10.752,20-Oct-2023,20.27,ABMag,w - P1,3.767,EmissionG,LEDA  800701,['LEDA  800701' '351.689' '-23.453' '3.767' 'inf' 'EmissionG' 'EmG'],,,,K. C. Chambers
2023tot,22:27:53.070,-30:13:34.75,2023-09-24 03:42:57.312,26-Sep-2023,18.6378,ABMag,g - Sloan,3.77,Galaxy,LEDA  719854,['LEDA  719854' '336.971' '-30.225' '3.77' 'inf' 'Galaxy' 'G'],,,,Tomás Cabrera (CMU)
2023vcg,23:56:05.871,+29:22:40.59,2023-10-16 04:06:47.232,17-Oct-2023,19.4667,ABMag,r - ZTF,3.781,GtowardsGroup,UGC 12850,['UGC 12850' '359.026' '29.378' '3.781' '1.726' 'GtowardsGroup' 'GiG'],,,,K. De (Caltech) on behalf of ZTF
2023vru,21:00:23.585,-39:22:42.89,2023-10-19 00:14:24.000,25-Oct-2023,18.1,ABMag,g - Sloan,3.796,Galaxy,6dFGS gJ210023.6-392239,['6dFGS gJ210023.6-392239' '315.098' '-39.378' '3.796' 'inf' 'Galaxy' 'G'],,,,K. Z. Stanek
2023uox,22:13:34.921,-30:33:26.98,2023-10-04 00:14:44.736,11-Oct-2023,21.2075,ABMag,g - Sloan,3.803,Galaxy,2dFGRS TGS335Z202,['2dFGRS TGS335Z202' '333.396' '-30.558' '3.803' 'inf' 'Galaxy' 'G'],,,,Tomás Cabrera (CMU)
2023twe,03:55:21.567,-33:53:51.12,2023-10-02 00:15:04.608,03-Oct-2023,18.572,ABMag,orange - ATLAS,3.819,Galaxy,LEDA  670047,['LEDA  670047' '58.839' '-33.898' '3.819' 'inf' 'Galaxy' 'G'],,,,J. Tonry
2023vqw,18:22:40.494,+23:05:25.57,2023-10-22 02:49:57.999,23-Oct-2023,19.414,ABMag,r - ZTF,3.832,Galaxy,LEDA 1681257,['LEDA 1681257' '275.67' '23.09' '3.832' 'inf' 'Galaxy' 'G'],,,,F. Forster
2023vts*,10:27:34.331,+10:29:44.29,2023-10-05 12:38:52.800,25-Oct-2023,18.7,ABMag,r - ZTF,3.832,Galaxy,SDSS J102734.55+102942.3,['SDSS J102734.55+102942.3' '156.894' '10.495' '3.832' 'inf' 'Galaxy' 'G'],,,,C. Fremling (Caltech) on behalf of the Zwicky Transient Facility (ZTF) collaboration
2023vll,00:58:14.050,-16:04:50.66,2023-10-20 09:51:00.288,21-Oct-2023,19.87,ABMag,i - P1,3.844,Galaxy,LEDA  902702,['LEDA  902702' '14.558' '-16.081' '3.844' 'inf' 'Galaxy' 'G'],,,,D. O. Jones (UC Santa Cruz)
2023vyz,07:47:34.001,-09:34:10.56,2023-10-27 11:31:06.997,29-Oct-2023,19.6931,ABMag,r - ZTF,3.849,Galaxy,LEDA  150630,['LEDA  150630' '116.892' '-9.569' '3.849' 'inf' 'Galaxy' 'G'],,,,F. Forster
2023wcm,03:01:46.658,+24:52:03.77,2023-10-24 09:38:52.800,01-Nov-2023,20.27,ABMag,r - ZTF,3.852,Galaxy,LEDA 1718627,['LEDA 1718627' '45.444' '24.867' '3.852' 'inf' 'Galaxy' 'G'],,,,C. Fremling (Caltech) on behalf of the Zwicky Transient Facility (ZTF) collaboration
2023uib*,23:34:26.528,-10:10:32.73,2023-10-07 07:40:18.624,08-Oct-2023,20.38,ABMag,w - P1,3.868,Galaxy,2MASX J23342664-1010290,['2MASX J23342664-1010290' '353.611' '-10.175' '3.868' 'inf' 'Galaxy' 'G'],,,,K. C. Chambers
2023tnc,23:12:21.562,-22:07:36.20,2023-09-24 07:02:46.997,25-Sep-2023,18.7409,ABMag,g - ZTF,3.896,Galaxy,LEDA  818845,['LEDA  818845' '348.09' '-22.128' '3.896' 'inf' 'Galaxy' 'G'],,,,F. Forster
2023vva*,11:56:16.497,+10:09:38.25,2023-10-24 12:48:42.998,26-Oct-2023,19.1671,ABMag,r - ZTF,3.927,Galaxy,LEDA 1375483,['LEDA 1375483' '179.07' '10.161' '3.927' 'inf' 'Galaxy' 'G'],,,,A. Munoz-Arancibia
2023tkr,08:48:09.360,+35:15:31.79,2023-09-20 02:51:21.600,23-Sep-2023,18.92,ABMag,G - Gaia,4.019,AGN,SDSS J084809.69+351532.1,['SDSS J084809.69+351532.1' '132.04' '35.259' '4.019' 'inf' 'AGN' 'AGN'],Seyfert2,Z 180-9,['Z 180-9' '132.04' '35.259' '4.17' 'inf' 'Seyfert2' 'Sy2'],S.T. Hodgkin
2023tlh,23:14:50.243,+21:49:50.65,2023-09-18 09:48:47.232,24-Sep-2023,19.433,ABMag,cyan - ATLAS,4.045,Galaxy,Gaia DR3 2837826871203523200,"['Gaia DR3 2837826871203523200' '348.71' '21.83' '4.045' 'inf' 'Galaxy'
 'G']",,,,J. Tonry
2018mfn*,09:45:08.822,+30:06:23.62,2018-11-17 09:01:39.360,14-Oct-2023,20.1521,ABMag,r - ZTF,4.073,LINER,2MASX J09450849+3006223,['2MASX J09450849+3006223' '146.286' '30.106' '4.073' 'inf' 'LINER' 'LIN'],,,,Patrick Aleo (UIUC)
2023wdh,01:02:36.130,+08:57:55.75,2023-09-26 08:05:02.112,02-Nov-2023,19.7341,ABMag,r - ZTF,4.084,Galaxy,LAMOST J010236.21+085751.8,['LAMOST J010236.21+085751.8' '15.651' '8.964' '4.084' 'inf' 'Galaxy' 'G'],,,,K. De (Caltech) on behalf of ZTF
2023vps,02:45:38.922,-18:16:07.39,2023-10-19 10:48:12.960,23-Oct-2023,20.27,ABMag,w - P1,4.1,Galaxy,LEDA  870319,['LEDA  870319' '41.411' '-18.269' '4.1' 'inf' 'Galaxy' 'G'],,,,K. C. Chambers
2021aiak*,09:04:16.834,+39:24:13.17,2021-10-09 10:52:50.304,15-Oct-2023,19.768,ABMag,r - ZTF,4.131,Galaxy,2MASX J09041699+3924167,['2MASX J09041699+3924167' '136.071' '39.405' '4.131' 'inf' 'Galaxy' 'G'],,,,Patrick Aleo (UIUC)
2023vte,16:01:07.646,+10:36:11.38,2023-10-04 03:11:31.200,25-Oct-2023,18.7,ABMag,r - ZTF,4.135,Galaxy,LEDA 1381867,['LEDA 1381867' '240.283' '10.603' '4.135' 'inf' 'Galaxy' 'G'],,,,C. Fremling (Caltech) on behalf of the Zwicky Transient Facility (ZTF) collaboration
2023vmm,16:54:13.637,+17:17:53.61,2023-09-07 05:57:54.720,21-Oct-2023,21.46,ABMag,w - P1,4.151,Galaxy,LEDA 1529470,['LEDA 1529470' '253.556' '17.299' '4.151' 'inf' 'Galaxy' 'G'],,,,K. C. Chambers
2023vec,05:37:25.588,-27:44:27.85,2023-10-14 13:35:07.584,17-Oct-2023,19.94,ABMag,w - P1,4.154,EmissionG,LEDA  750523,['LEDA  750523' '84.358' '-27.741' '4.154' 'inf' 'EmissionG' 'EmG'],,,,K. C. Chambers
2018mge,11:18:21.370,+19:55:32.40,2018-11-17 12:02:55.392,14-Oct-2023,19.8189,ABMag,g - ZTF,4.164,Galaxy,2MASX J11182164+1955340,['2MASX J11182164+1955340' '169.59' '19.926' '4.164' 'inf' 'Galaxy' 'G'],,,,Patrick Aleo (UIUC)
2023ufo*,03:05:08.436,+00:20:26.89,2023-10-06 09:35:57.002,07-Oct-2023,20.0486,ABMag,g - ZTF,4.188,Galaxy,SDSS J030508.42+002031.0,['SDSS J030508.42+002031.0' '46.285' '0.342' '4.188' 'inf' 'Galaxy' 'G'],,,,A. Munoz-Arancibia
2023vml,22:11:52.756,+16:19:56.74,2023-09-07 07:12:24.192,21-Oct-2023,20.9,ABMag,w - P1,4.209,Galaxy,2MASX J22115277+1619522,['2MASX J22115277+1619522' '332.97' '16.331' '4.209' 'inf' 'Galaxy' 'G'],,,,K. C. Chambers
2023ugh,02:31:34.198,-25:10:45.17,2023-10-06 04:23:08.736,07-Oct-2023,19.3,ABMag,cyan - ATLAS,4.211,Galaxy,2dFGRS TGS158Z157,['2dFGRS TGS158Z157' '37.891' '-25.179' '4.211' 'inf' 'Galaxy' 'G'],,,,J. Tonry
2023tzr,22:06:00.807,-01:18:28.03,2023-10-04 05:51:12.096,05-Oct-2023,20.71,ABMag,w - P1,4.236,Galaxy,LAMOST J220600.57-011830.5,"['LAMOST J220600.57-011830.5' '331.502' '-1.308' '4.236' 'inf' 'Galaxy'
 'G']",,,,K. C. Chambers
2023ubc*,16:28:06.673,+21:34:15.65,2023-10-04 03:11:52.999,05-Oct-2023,19.5589,ABMag,r - ZTF,4.249,Galaxy,SDSS J162806.44+213418.5,['SDSS J162806.44+213418.5' '247.027' '21.572' '4.249' 'inf' 'Galaxy' 'G'],,,,A. Munoz-Arancibia
2023uez,00:51:01.706,-17:56:16.84,2023-10-05 09:12:09.216,07-Oct-2023,20.62,ABMag,w - P1,4.279,Galaxy,LEDA  875120,['LEDA  875120' '12.758' '-17.938' '4.279' 'inf' 'Galaxy' 'G'],,,,K. C. Chambers
2023tvs,07:44:30.458,+67:16:27.51,2023-10-01 13:49:54.048,02-Oct-2023,17.62,ABMag,i - P1,4.321,GtowardsGroup,UGC  3979,['UGC  3979' '116.129' '67.274' '4.321' '1.328' 'GtowardsGroup' 'GiG'],,,,K. C. Chambers
2023vpk,18:08:05.553,+28:51:23.52,2023-10-21 05:09:23.040,23-Oct-2023,20.45,ABMag,w - P1,4.325,Galaxy,2MFGC 14217,['2MFGC 14217' '272.023' '28.855' '4.325' 'inf' 'Galaxy' 'G'],,,,K. C. Chambers
2021ahxn,02:49:03.400,+03:12:07.88,2021-02-10 04:53:15.360,14-Oct-2023,20.0082,ABMag,g - ZTF,4.325,Galaxy,LEDA  213095,['LEDA  213095' '42.263' '3.203' '4.325' 'inf' 'Galaxy' 'G'],,,,Patrick Aleo (UIUC)
2023vtc,11:45:01.458,+29:39:03.78,2023-10-16 12:57:36.000,25-Oct-2023,18.9,ABMag,r - ZTF,4.338,Galaxy,2MASX J11450112+2939025,['2MASX J11450112+2939025' '176.255' '29.651' '4.338' 'inf' 'Galaxy' 'G'],,,,C. Fremling (Caltech) on behalf of the Zwicky Transient Facility (ZTF) collaboration
2023utg,01:27:12.832,+24:19:16.26,2023-10-10 11:01:01.920,13-Oct-2023,19.328,ABMag,cyan - ATLAS,4.344,Galaxy,2MASX J01271253+2419178,['2MASX J01271253+2419178' '21.802' '24.322' '4.344' 'inf' 'Galaxy' 'G'],,,,J. Tonry
2023vtk,10:44:59.141,+39:38:56.52,2023-09-26 12:10:04.800,25-Oct-2023,19.38,ABMag,r - ZTF,4.355,Galaxy,SDSS J104458.76+393855.8,['SDSS J104458.76+393855.8' '161.245' '39.649' '4.355' 'inf' 'Galaxy' 'G'],,,,C. Fremling (Caltech) on behalf of the Zwicky Transient Facility (ZTF) collaboration
2023tyo,21:32:40.432,+13:02:14.06,2023-10-03 05:04:12.000,04-Oct-2023,19.7088,ABMag,g - ZTF,4.36,LowSurfBrghtG,2MASX J21324063+1302168,"['2MASX J21324063+1302168' '323.169' '13.038' '4.36' 'inf' 'LowSurfBrghtG'
 'LSB']",,,,A. Munoz-Arancibia
2023tyz,23:57:17.352,+26:37:05.88,2023-10-03 08:01:02.784,04-Oct-2023,19.5,ABMag,i - P1,4.399,Galaxy,LEDA 1782654,['LEDA 1782654' '359.323' '26.618' '4.399' 'inf' 'Galaxy' 'G'],,,,D. O. Jones (UC Santa Cruz)
2023urr,02:12:27.823,+11:17:12.31,2023-10-10 12:51:22.752,12-Oct-2023,19.57,ABMag,w - P1,4.411,Galaxy,2MASX J02122810+1117133,['2MASX J02122810+1117133' '33.117' '11.287' '4.411' 'inf' 'Galaxy' 'G'],,,,K. C. Chambers
2023vjq,18:01:10.822,+27:33:47.72,2023-10-10 03:43:29.997,20-Oct-2023,19.5752,ABMag,r - ZTF,4.413,Galaxy,LEDA 1811794,['LEDA 1811794' '270.294' '27.564' '4.413' 'inf' 'Galaxy' 'G'],,,,Julien Peloton
2023tmp,06:50:31.739,-20:19:52.80,2023-09-24 08:26:59.712,25-Sep-2023,18.817,ABMag,orange - ATLAS,4.424,Galaxy,2MASX J06503186-2019487,['2MASX J06503186-2019487' '102.633' '-20.33' '4.424' 'inf' 'Galaxy' 'G'],,,,J. Tonry
2023vwu,08:40:06.382,-08:01:51.05,2023-10-22 12:00:00.000,28-Oct-2023,19.89,ABMag,g - ZTF,4.448,Galaxy,LEDA 1009372,['LEDA 1009372' '130.027' '-8.03' '4.448' 'inf' 'Galaxy' 'G'],,,,C. Fremling (Caltech) on behalf of the Zwicky Transient Facility (ZTF) collaboration
2023tre*,07:57:43.579,+27:19:42.68,2023-09-25 14:46:14.880,27-Sep-2023,21.22,ABMag,w - P1,4.459,Galaxy,LEDA 1804664,['LEDA 1804664' '119.432' '27.327' '4.459' 'inf' 'Galaxy' 'G'],,,,K. C. Chambers
2023vau,04:59:01.984,-19:16:52.63,2023-10-13 13:28:29.280,16-Oct-2023,20.96,ABMag,w - P1,4.468,Galaxy,LEDA  857414,['LEDA  857414' '74.758' '-19.28' '4.468' 'inf' 'Galaxy' 'G'],,,,K. C. Chambers
2023tth,03:50:19.710,+27:17:50.32,2023-09-27 11:22:32.736,29-Sep-2023,19.05,ABMag,i - P1,4.483,Galaxy,LEDA 1803686,['LEDA 1803686' '57.582' '27.296' '4.483' 'inf' 'Galaxy' 'G'],,,,K. C. Chambers
2023wbg,03:16:36.647,-30:59:20.11,2023-10-27 10:58:35.040,30-Oct-2023,20.23,ABMag,i - P1,4.506,Seyfert2,LEDA  133019,['LEDA  133019' '49.151' '-30.988' '4.506' 'inf' 'Seyfert2' 'Sy2'],,,,K. C. Chambers
2023vfc,03:15:22.537,+17:57:20.17,2023-10-15 09:54:51.840,18-Oct-2023,20.26,ABMag,w - P1,4.51,Galaxy,2MASX J03152237+1757166,['2MASX J03152237+1757166' '48.843' '17.955' '4.51' 'inf' 'Galaxy' 'G'],,,,K. C. Chambers
2020afes*,02:13:32.113,+00:20:28.69,2020-11-18 06:18:20.736,14-Oct-2023,20.6372,ABMag,g - ZTF,4.512,LINER,2MASX J02133193+0020251,['2MASX J02133193+0020251' '33.383' '0.34' '4.512' 'inf' 'LINER' 'LIN'],,,,Patrick Aleo (UIUC)
2017kib*,12:59:56.016,+08:47:09.96,2017-03-27 05:35:50.000,01-Nov-2023,18.65,ABMag,g - Sloan,4.538,Galaxy,LEDA 1353639,['LEDA 1353639' '194.983' '8.785' '4.538' '4.431' 'Galaxy' 'G'],,,,Ine Theunissen-Limpens
2017kib*,12:59:56.016,+08:47:09.96,2017-03-27 05:35:50.000,02-Nov-2023,18.65,ABMag,g - Sloan,4.538,Galaxy,LEDA 1353639,['LEDA 1353639' '194.983' '8.785' '4.538' '4.431' 'Galaxy' 'G'],,,,Ine Theunissen-Limpens
2023vjk,01:04:02.865,-26:31:03.30,2023-10-17 08:53:56.256,20-Oct-2023,20.03,ABMag,w - P1,4.543,Galaxy,LEDA    3804,['LEDA    3804' '16.011' '-26.519' '4.543' 'inf' 'Galaxy' 'G'],,,,K. C. Chambers
2023vjv,02:47:15.366,+38:26:55.62,2023-10-19 12:58:45.120,20-Oct-2023,20.8,ABMag,r - P1,4.545,Galaxy,LEDA 2127331,['LEDA 2127331' '41.815' '38.448' '4.545' 'inf' 'Galaxy' 'G'],,,,D. O. Jones (UC Santa Cruz)
2020affs,08:28:22.814,+57:13:26.58,2020-10-23 11:21:04.608,14-Oct-2023,20.9151,ABMag,g - ZTF,4.549,Galaxy,SDSS J082823.35+571325.6,['SDSS J082823.35+571325.6' '127.097' '57.224' '4.549' 'inf' 'Galaxy' 'G'],,,,Patrick Aleo (UIUC)
2023vhu,22:36:51.340,-13:00:32.50,2023-10-14 04:34:39.003,19-Oct-2023,20.6037,ABMag,g - ZTF,4.549,Galaxy,LEDA  944381,['LEDA  944381' '339.215' '-13.008' '4.549' 'inf' 'Galaxy' 'G'],,,,A. Munoz-Arancibia
2018mks*,14:06:13.632,+24:42:59.40,2018-02-15 08:57:51.000,23-Oct-2023,19.69,ABMag,R - Cousins,4.558,Galaxy,LEDA 1714510,['LEDA 1714510' '211.556' '24.717' '4.558' 'inf' 'Galaxy' 'G'],,,,Ine Theunissen-Limpens
2023uzt,21:56:07.308,-18:41:50.09,2023-10-14 05:41:21.120,16-Oct-2023,20.29,ABMag,w - P1,4.606,Galaxy,2MASX J21560759-1841473,['2MASX J21560759-1841473' '329.031' '-18.696' '4.606' 'inf' 'Galaxy' 'G'],,,,K. C. Chambers
2023vba*,08:34:12.225,+12:55:31.23,2023-10-13 14:07:11.712,16-Oct-2023,20.34,ABMag,w - P1,4.606,Galaxy,SDSS J083412.27+125526.6,['SDSS J083412.27+125526.6' '128.551' '12.924' '4.606' 'inf' 'Galaxy' 'G'],,,,K. C. Chambers
2023viy,08:25:03.594,+27:52:03.69,2023-10-17 13:35:34.368,20-Oct-2023,21.2,ABMag,w - P1,4.631,Galaxy,SDSSCGB 30700.1,['SDSSCGB 30700.1' '126.266' '27.868' '4.631' 'inf' 'Galaxy' 'G'],,,,K. C. Chambers
2023tmg,16:34:20.634,+49:14:07.34,2023-09-22 03:49:01.920,25-Sep-2023,19.7417,ABMag,g - ZTF,4.636,GtowardsCl,2MASX J16342110+4914078,"['2MASX J16342110+4914078' '248.588' '49.236' '4.636' 'inf' 'GtowardsCl'
 'GiC']",,,,K. De (Caltech) on behalf of ZTF
2023ueq,02:18:07.616,+06:31:28.65,2023-10-05 12:15:14.112,07-Oct-2023,19.37,ABMag,w - P1,4.681,Galaxy,LEDA 1302449,['LEDA 1302449' '34.531' '6.526' '4.681' 'inf' 'Galaxy' 'G'],,,,K. C. Chambers
2023wai,04:06:35.016,-06:51:34.70,2023-09-11 13:50:13.920,30-Oct-2023,21.42,ABMag,w - P1,4.716,Galaxy,LEDA 1027795,['LEDA 1027795' '61.645' '-6.86' '4.716' 'inf' 'Galaxy' 'G'],,,,K. C. Chambers
2023uam,05:47:17.073,-23:25:28.79,2023-10-04 14:58:00.768,05-Oct-2023,20.44,ABMag,i - P1,4.728,Galaxy,LEDA  800998,['LEDA  800998' '86.821' '-23.423' '4.728' 'inf' 'Galaxy' 'G'],,,,D. O. Jones (UC Santa Cruz)
2023tmn,01:54:55.632,-01:30:59.97,2023-09-20 10:05:11.328,25-Sep-2023,20.5246,ABMag,g - ZTF,4.74,Galaxy,MCG+00-05-050,['MCG+00-05-050' '28.731' '-1.515' '4.74' 'inf' 'Galaxy' 'G'],,,,K. De (Caltech) on behalf of ZTF
2023twh,19:24:25.887,-32:13:27.00,2023-10-01 19:02:00.384,03-Oct-2023,18.49,ABMag,orange - ATLAS,4.759,Galaxy,2MASX J19242623-3213264,['2MASX J19242623-3213264' '291.109' '-32.224' '4.759' 'inf' 'Galaxy' 'G'],,,,J. Tonry
2023viv*,00:16:46.688,+14:19:16.09,2023-10-17 06:48:50.688,20-Oct-2023,20.6,ABMag,w - P1,4.769,Galaxy,SDSS J001646.36+141915.1,['SDSS J001646.36+141915.1' '4.193' '14.321' '4.769' 'inf' 'Galaxy' 'G'],,,,K. C. Chambers
2023uvn,17:31:31.658,+32:06:10.30,2023-10-07 03:00:32.996,14-Oct-2023,20.6544,ABMag,r - ZTF,4.811,Galaxy,LEDA 1980398,['LEDA 1980398' '262.883' '32.104' '4.811' 'inf' 'Galaxy' 'G'],,,,F. Forster
2023uip*,01:11:33.195,+14:09:59.22,2023-10-07 07:48:00.000,08-Oct-2023,20.34,ABMag,w - P1,4.814,Galaxy,LEDA 1451004,['LEDA 1451004' '17.889' '14.167' '4.814' 'inf' 'Galaxy' 'G'],,,,K. C. Chambers
2019aatk*,11:41:32.469,+19:03:44.51,2019-01-08 11:24:12.960,14-Oct-2023,19.8272,ABMag,g - ZTF,4.821,EmissionG,2MASX J11413236+1903494,"['2MASX J11413236+1903494' '175.385' '19.064' '4.821' 'inf' 'EmissionG'
 'EmG']",,,,Patrick Aleo (UIUC)
2023utb,03:06:36.727,-72:58:16.68,2023-10-12 01:26:24.000,13-Oct-2023,17.3,ABMag,g - Sloan,4.824,Galaxy,2MASX J03063780-7258168,['2MASX J03063780-7258168' '46.658' '-72.971' '4.824' 'inf' 'Galaxy' 'G'],,,,K. Z. Stanek
2023vxq,02:27:18.054,-25:29:07.65,2023-09-09 13:10:06.816,29-Oct-2023,21.41,ABMag,w - P1,4.876,Galaxy,2dFGRS TGS157Z250,['2dFGRS TGS157Z250' '36.827' '-25.486' '4.876' 'inf' 'Galaxy' 'G'],,,,K. C. Chambers
2023ugo,03:02:49.520,+05:29:00.39,2023-10-06 11:43:48.864,08-Oct-2023,19.79,ABMag,w - P1,4.949,Galaxy,2MASX J03024953+0529054,['2MASX J03024953+0529054' '45.706' '5.485' '4.949' 'inf' 'Galaxy' 'G'],,,,K. C. Chambers
